title,date,body,url
2016年2月15日外交部发言人洪磊主持例行记者会,2016-02-15,"
		　　
　　中国外交部副部长张业遂将于2月16日在首尔与韩国外交部第一次官林圣男举行第七次中韩外交部门高级别战略对话，双方将就中韩关系、当前朝鲜半岛形势等共同关心的问题交换意见。 
　　问：继韩国宣布全面中断开城工业园区项目后，朝鲜宣布封锁工业园并查封有关财产。中国政府对此持何立场？ 
　　答：当前朝鲜半岛形势复杂敏感，中方希望有关各方多做有利于缓和形势紧张的事。 
　　问：《中国日报》评论文章称，应对朝鲜采取足够有力的制裁措施，以促使朝重新评估其核计划。这是否代表中国外交部的观点？ 
　　答：中方已多次就朝鲜进行核试验和发射卫星表明立场。我们认为，朝鲜进行核试验和发射卫星均违反了联合国安理会有关决议，中方对此的立场是明确的，从一开始就公开表明了反对。中方主张，联合国安理会可以通过新决议，采取进一步措施，使朝为其行为付出必要代价，承担相应后果。 
　　同时，我们认为，安理会采取新的有力行动应该指向明确，目的是有效阻遏朝鲜进一步推进核导计划。我们也强调，制裁并不是目的。我们的目标是将朝鲜半岛核问题重新拉回到谈判解决的轨道，这是唯一正确的途径，也符合有关各方的共同利益。 
　　问：据报道，南苏丹反对派领导人马夏尔13日称，他将接受基尔总统任命，将出任南苏丹第一副总统。中方对此有何评论？如何看待当前南苏丹局势？ 
　　答：中方欢迎南苏丹和平进程取得积极进展，希望南苏丹尽快组建民族团结过渡政府，推进重建进程。中方愿继续同有关地区国家和组织以及国际社会一道，为促进南苏丹和平、稳定、发展发挥建设性作用。 

　　问：俄罗斯总理梅德韦杰夫出席慕尼黑安全会议期间评价俄与西方关系称，“世界已经滑向一场新的冷战”。中方对此有何评论？ 
　　答：我们希望国际社会共同努力，顺应和平、发展、合作的时代潮流，致力于维护世界安宁与繁荣。我们也希望俄罗斯同西方的关系能得到改善。 
　　问：据报道，美国和印度正商谈在南海开展联合巡航。中方对此有何回应？ 
　　答：我们注意到，美方已经表示没有该计划。 
　　问：中方认为美在韩国部署萨德反导系统将对本地区特别是美中关系产生哪些影响？ 
　　答：我们对美方有可能在朝鲜半岛部署萨德反导系统表示严重关切。众所周知，萨德反导系统的覆盖范围，特别是其X波段雷达监测范围远远超出半岛防卫需求，深入亚洲大陆腹地。这不仅将直接损害中国的战略安全利益，也将损害本地区其他国家的安全利益。中方的立场十分明确，我们坚决反对有关国家利用半岛核问题侵害中国的战略安全利益。 
　　作为负责任的大国，中方将坚持推进半岛无核化，坚持维护半岛和平稳定，坚持通过对话协商解决有关问题。同时，我们决不允许自身的正当国家安全利益受到侵害。中国的正当国家安全利益必须得到有效维护和保障。 
　　我们认为，半岛核问题的焦点在美朝之间。我们敦促美朝双方坐下来进行沟通和谈判，探讨如何解决彼此合理关切，最终实现我们都希望的目标。 
　　问：美国和东盟国家将于15日至16日举行领导人会议。有分析认为，美国希借此加强同东盟国家的关系并巩固其在亚太的影响力。中方对此有何看法？ 
　　答：关于这一会议，日前中方已经表达看法。我们希望会议有利于维护地区和平、稳定与发展。 

		",http://www.fmprc.gov.cn/web/fyrbt_673021/jzhsl_673025/./t1340630.shtml
2016年2月5日外交部发言人陆慷主持例行记者会,2016-02-05,"
		　　
　　问：美国国会正讨论通过立法对朝鲜进行制裁。中方是否担心有关立法影响中朝贸易？ 
　　答：首先，作为一个原则，中方从来不赞成在国际事务中搞单边制裁，这一立场在任何情况下没有变化。至于处理当前因朝鲜第四次核试验所引发的问题，可能你们也知道，现在这个问题正在安理会有关成员之间进行讨论，我们确实希望各方都能相向而行，不要使问题进一步复杂化。 
　　问：武大伟特别代表近期访朝没有取得任何成果。中方是否认为应采取更加严肃的措施应对朝射星的野心？ 
　　答：可能我们对什么是“更加严肃”有不同界定。武大伟特别代表赴朝鲜进行磋商，这本身就是中方非常严肃的一项外交努力。 

　　问：第一，中国是否对在巴西爆发的寨卡疫情感到担忧？对巴西政府采取的应对措施是否满意？第二，中国在吉布提建设的军事基地何时启用？中方是否有意在其他地区建立军事基地？ 
　　答：关于第一个问题，前几天我已经说明了中方在这一问题上的看法。我们希望在国际社会合作努力的大背景下，有关国家能尽快控制疫情。中方愿意在与有关国家主要是拉美国家现有的良好医疗卫生合作基础上，随时在必要时继续提供力所能及的帮助和合作。 
　　关于第二个问题，近年中国派出护航编队赴亚丁湾、索马里海域护航。在执行任务过程中，官兵休整和食品、油料补给面临许多实际困难，有必要实施就近高效的后勤保障。中国和吉布提政府经过友好协商，就中方在吉布提建设保障设施事达成一致。该设施将主要用于中国军队执行亚丁湾和索马里海域护航、人道主义救援等任务的休整补给保障，更有效地保障中国军队履行国际责任和义务，维护国际和地区和平与稳定。 
　　问：据中国媒体报道，上世纪90年代中国运动员在参加国际体育赛事前都被迫服用兴奋剂。是否有国际机构要求中方进行调查？ 
　　答：这不是外交部负责的事务，你需要向有关方面了解。 
　　问：据报道，美、日等12国4日在新西兰举行“跨太平洋伙伴关系协定”（TPP）签字仪式。美方声称，TPP将使美国在与中国竞争中更具优势，让美而非中国书写21世纪规则。中方对此有何评论？ 
　　答：看来你也跟我一样注意到这个比较有意思的表态。我们从来不认为世界贸易规则可以由任何单个国家说了算。制定21世纪的全球贸易议程和规则，我们从来没想过由中国一家说了算，同时也认为不可能由任何其他一个国家单独说了算。事实上，我们一直主张维护的是世界贸易组织在制定全球贸易规则方面的主导地位。希望世界上主要贸易大国和主要经济体都能致力于维护世贸组织在这方面的地位。 
　　我们也理解有些国家政府可能需要就一些自贸安排向国内业界和公众说明有关利弊，那就实事求是地说明这些利弊就好，不要把经贸问题政治化。也不要让人得出一个结论：美国在推动TPP整个过程中是出于某些政治考虑。这实际上对公众是一个误导，也不利于国家间关系。 
　　问：近日，台湾“总统”蔡英文的脸谱主页多次受到来自中国大陆的网络攻击，有人猜测这得到了中国政府幕后支持。你对此有何回应？ 
　　答：首先我想指出，台湾是中国的一部分。涉及主权问题的一些措辞，我们希望能按照一个中国原则处理。 
　　至于你提到的这些说法，我不知道有没有什么证据。事实上，在网络安全领域，各种各样的说法满天飞，如果我们把精力花在对每一个这样毫无根据或者说道听途说的言论作评论，确实没有那么多时间。 

　　根据中国国务院宣布的2016年春节放假安排，外交部例行记者会将于2月8日至12日期间休会，15日（星期一）恢复。休会期间，中国外交部发言人办公室将正常接受记者电话提问。 
　　今天是中国农历羊年的最后一场记者会。预祝记者朋友们度过一个愉快的农历新年，也希望外国记者朋友们一同分享中国人民欢度春节的喜悦。 
  
		",http://www.fmprc.gov.cn/web/fyrbt_673021/jzhsl_673025/./t1338806.shtml
2016年2月4日外交部发言人陆慷主持例行记者会,2016-02-04,"
		　　
　　问：中国政府朝鲜半岛事务特别代表武大伟今天从朝鲜返回北京。他同朝方哪些官员进行了会谈？请介绍会谈详细内容。 
　　答：昨天我已经说了大概的情况。2月2日至4日，中国政府朝鲜半岛事务特别代表武大伟赴朝鲜磋商，在平壤期间会见了朝鲜外务相李洙墉，第一副外相金桂冠，与朝鲜副外相李勇浩会谈。具体情况有两方面，一个是中朝关系方方面面的事情，第二个理所当然是就当前朝鲜半岛形势等共同关心的问题交换了意见。 
　　问：据俄罗斯媒体报道，俄驻华大使杰尼索夫日前表示，俄总统普京计划在年内访华，李克强总理也将于年末访俄。你能否介绍中俄年内高层互访安排？对新的一年发展中俄关系有何期待？ 
　　答：密切的高层交往是中俄全面战略协作伙伴关系高水平的重要体现。大家都知道，两国元首有年度互访的惯例。两国总理也有每年举行中俄总理定期会晤的安排，关于今年高层互访的安排，双方正保持密切沟通。 
　　但有一点可以肯定，那就是新的一年，双方将继续共同努力，全面落实两国领导人达成的各项重要合作共识，包括共同庆祝《中俄睦邻友好合作条约》签署15周年，深入开展丝绸之路经济带建设和欧亚经济联盟建设对接合作，也包括开展中俄媒体交流年活动，进一步密切在国际事务中的合作。所有这些都是为了把两国高水平的政治关系优势转化为更多务实合作和国际合作成果，推动双边关系实现更大发展，同时也能更好造福地区和国际社会，为地区及国际社会的和平、稳定和发展带来更多助力。 

　　问：中国怎么看今年俄罗斯经济以及中俄经济合作前景？去年，中俄两国贸易额下降了30%，中方是否对俄罗斯经济现状感到担忧？ 
　　答：俄罗斯是中国的友好邻邦，是中国重要的合作伙伴，中俄经贸关系这些年发展很快。你提到的情况，去年全球范围内、不光是中俄之间，贸易总额都有下滑，中国和其他国家也有这个情况。这主要是因为大宗商品价格波动造成的，从贸易量来说实际上并没有下滑的明显趋势。中俄都是新兴经济体，都有很大的发展潜力，双方合作潜力仍然很大。虽然在当前全球经济不景气的背景下，一些合作可能会有影响，但我相信，在国际社会共同努力、在全球经济复苏大背景下，中俄两国通过共同努力，充分挖掘合作潜力，包括我刚才提到的加强丝绸之路经济带建设和欧亚经济联盟建设对接合作，我们对中俄两国各自经济发展和两国经济合作的发展还是充满信心的。 
　　问：加拿大政府昨天证实，新疆减刑的11个人中有1个是加拿大公民玉山江。中国政府是否允许加拿大政府对其进行探视？如果不允许，原因是什么？ 
　　答：昨天已经说了，所有这11个人、包括你转述的加拿大方面所指称的这个人都是中国公民。既然是中国公民，就严格按照中国法律办事。 
　　问：据报道，联合国秘书长叙利亚问题特使3日在日内瓦表示，决定暂时中止叙问题和谈。中方对此有何评论？ 
　　答：本次叙利亚政府同反对派和谈是双方时隔两年再次回到谈判桌前，是建设性的开端。叙利亚问题延宕多年，十分复杂。和谈启动只是第一步，和谈过程不会一帆风顺。但中方一直主张和谈是解决叙利亚问题的唯一现实途径，有关各方应共同努力，保持和谈势头。我们也希望叙双方采取建立信任措施，释放善意，相向而行，配合联合国秘书长叙利亚问题特使的斡旋努力，推动叙政治进程继续向前发展，早日取得积极成果。 
　　问：美国总统奥巴马邀请东盟国家领导人出席近期在加州举行的美国-东盟国家领导人会议。中方是否担心此次会议针对中国？是否担心会提及一些涉华议题，比如南海问题？ 
　　答：中方乐见美国和东盟国家进一步发展关系，当然我们希望这一关系能切实有助于本地区的和平、稳定和发展，我们也特别希望看到美方能够为帮助本地区国家的可持续发展提供一些切切实实的帮助。 
　　至于你说到是否担心这个会议针对中国，可能大家也注意到，昨天美国政府有高官已经公开说，这个会不是针对中国来的。我们也希望等这个会开完以后，诸位媒体朋友的报道也能够证实，确实这个会不是针对中国来的。
 
		",http://www.fmprc.gov.cn/web/fyrbt_673021/jzhsl_673025/./t1338340.shtml
2016年2月3日外交部发言人陆慷主持例行记者会,2016-02-03,"
		
　　问：据报道，朝鲜2日正式通知国际海事组织称，朝将于2月8日至25日间发射“光明星号”卫星。中方对此有何反应？ 
　　答：我们注意到有关报道。我们对此严重关切。朝鲜本应有和平利用太空的权利，但当前朝方这一权利受到安理会决议的限制。当前形势下，我们希望朝方在射星问题上保持克制、慎重行事，不要采取可能导致半岛局势进一步紧张升级的行动。 
　　维护朝鲜半岛和平稳定是有关各方的共同责任，也符合各方的共同利益。中方愿与有关各方保持沟通协调，共同为维护半岛和本地区和平稳定发挥建设性作用。 
　　问：2月2日，美国助理国务卿拉塞尔称，朝鲜利用弹道导弹技术进行发射将是严重违反国际义务的行动，进一步有力证明应对朝采取更严厉制裁。朝最新声明是对联合国安理会、中国和国际社会的蔑视，是给反对对朝实施更多制裁的国家一记耳光。请问你对此有何评论？ 
　　答：朝鲜不顾国际社会普遍反对再次进行核试验，中国政府在第一时间就表明了坚决反对的严正立场。关于射星问题，刚才我已说过，朝鲜本应拥有和平利用太空的权利，但现在朝方这一权利受到安理会决议的限制。我们希望朝方在此问题上保持克制。 
　　同时，当前形势下，摆在国际社会面前最紧迫的任务，是如何能够切实推进朝鲜半岛无核化进程、切实维护半岛和平稳定，而不是任何其它。克里国务卿上周访华时也明确公开表示，制裁本身不是目的。 
　　事实上，如果我们大家回顾一下朝鲜半岛核问题的演变历程，就不难意识到，为推进朝鲜半岛无核化进程，我们曾经有过很好的“9·19”共同声明，在这个声明中，朝鲜明确承诺“放弃一切核武器及现有核计划，早日重返《不扩散核武器条约》，并回到国际原子能机构保障监督。”我们也曾有过很好的“2·13”共同文件，在这个文件中，朝鲜明确承诺了弃核的目标和具体步骤。中方作为六方会谈主席国，为真正推进朝鲜半岛无核化进程、为促成有关各方达成上述共识作出了十分艰辛的努力。但令人十分遗憾的是，由于众所周知的、并非中方的原因，上述共识未能得到落实，六方会谈陷入停顿。 
　　而恰恰是在六方会谈陷入停顿、有关国家一味主张施压和制裁的呼声中，朝鲜开始了核试验并一次次进行了核试验。从这个意义上讲，朝鲜确实打了有关国家一记耳光。这个耳光打在谁的脸上，谁心里清楚。 
　　我们希望有关国家通过谈判协商解决分歧和矛盾，不希望看到任何加剧紧张、使矛盾升级的局面出现。但如果有关方面执意这么做，我们也拦不住。不过有一点中方必须声明，作为半岛近邻，我们绝不会允许半岛生乱、生战；我们也绝不会允许任何国家在国际社会推动半岛无核化这个大目标中夹带任何私货。 
　　我愿重申，中国政府坚持实现半岛无核化这一目标，坚持维护半岛和平稳定，坚持通过对话妥善解决半岛核问题。 
　　问：当前，巴基斯坦国内局势不稳。中巴经济走廊建设进展如何？中方对巴方采取的安全措施是否满意？ 
　　答：建设中巴经济走廊是中巴两国领导人达成的重要共识。目前总体进展比较顺利，多数项目已经进入实施阶段。中方将本着科学规划、循序渐进的原则继续推进有关项目建设，做好长远规划，推动走廊建设不断取得新进展。 
　　我也可以告诉你，巴基斯坦政府为保障中国在巴机构和人员安全做了大量工作，中方对此深表感谢。相信在中巴双方共同努力下，走廊建设将顺利推进，造福巴全体人民，促进中巴及本地区和平与繁荣。 
　　问：中国外交部2日发布消息称，中国政府朝鲜半岛事务特别代表武大伟已抵达平壤。你能否介绍此访有关情况和中朝磋商进展？ 
　　答：昨天外交部发言人办公室已经回答了有关媒体就此提出的问题。中国政府朝鲜半岛事务特别代表武大伟目前正在平壤，同朝方就当前半岛形势交换意见，这是中朝之间的一次双边交流。中方在半岛问题上的立场众所周知。 
　　妥善处理朝核问题事关半岛及东北亚和平稳定大局，符合有关各方共同利益，也是各方的共同责任。中方在六方会谈框架下与各方一直保持密切沟通与合作，愿继续为实现半岛无核化、维护半岛和平稳定做出我们的努力。 

　　问：王毅外长正在访问马拉维、毛里求斯等非洲四国，这是中国外长连续26年新年首访非洲。中国为何对非洲情有独钟？在当前世界经济形势下，中非关系对双方有什么特殊意义？ 
　　答：发展中国家是中国对外政策的基础，非洲是基础中的基础。王毅外长此访是对中国外长每年首访都选择非洲这一良好传统的延续，体现了中国对非洲的高度重视以及发展对非关系的诚意。 
　　大家也都知道，在去年12月召开的中非合作论坛约翰内斯堡峰会上，习近平主席宣布了中国对非十大合作计划，其核心内容就是帮助非洲加快工业化进程，提高自主发展能力，从而尽快脱离受初级产品价格波动影响的困境。中方已全面启动中非十大合作计划，在当前世界经济形势下，我们认为这具有非常重要的现实意义。 
　　王毅外长此次访问非洲的目的，就是要和非洲朋友共商发展大计，将十大合作计划以及相应融资安排等峰会成果真正落到实处，落到一个个具体的项目上去。中非合作不喊口号，不开空头支票。一分倡议，九分落实，中国将努力与非洲朋友一起抓好峰会成果的落实工作，争取早见成效，让双方人民早日受益。 
　　问：新疆高级人民法院宣布对包括加拿大公民玉山江在内的11名罪犯减刑，减刑原因是什么？你能否介绍玉山江的减刑情况？ 
　　答：至于减刑具体情况，你可以向有关方面了解。中方有关部门已经公布了新疆维吾尔自治区高级人民法院对有关罪犯依法减刑的裁定。对此我没有更多可以补充的信息。 
　　需要强调的是，上述人员都是中国公民，相关裁定是中方有关部门依照中国法律并根据上述人员认罪悔罪表现做出的。我们会继续依法处理有关问题。 
　　问：美国国防部长卡特2日称，俄罗斯、中国、伊朗等是美面临的主要挑战，俄、中是美在军事领域的主要竞争对手。中方对此有何回应？ 
　　答：我们注意到有关报道。中国历来是一个爱好和平的国家，坚持走和平发展道路，奉行防御性国防政策，去年主动宣布裁军30万。中国的发展过去、现在和将来都不会对任何国家构成威胁和挑战。我倒是想说，美国常年维持庞大国防预算，军费开支超过其后8个国家军费的总和，现在仍在寻找借口以便更多拿美国纳税人的钱扩充军力。美方官员有关言论的用心早已路人皆知。 
　　问：关于武大伟访问朝鲜，你能否提供更多细节？他将在平壤停留多久？与哪些朝方官员会面？朝鲜射星是否是此访讨论的议题之一？ 
　　答：关于武大伟特别代表在朝鲜与朝方官员会谈的情况，我刚才已经介绍过了。目前我没有更多细节向你提供。 
　　问：美国国防部长卡特还表示，中方有关岛礁建设导致地区各国作出反应，中方不应“自我孤立”。中方对此有何回应？ 
　　答：关于美国官员有关表态，我刚才已经说明了中国的国防政策是什么，美国在国防和军事领域采取的政策和实际做法到底是什么。 
　　关于岛礁建设问题，外交部已多次表明中国政府的立场。中方在自己驻守岛礁上进行有关建设，主要是为了加强民事功能，提高中国履行国际责任和义务的能力、也就是提供国际公共产品的能力。我们建设有限的军事设施也完全出于防御的目的，不威胁任何人。我们奉劝美方采取客观、公允态度，停止发表混淆视听、不利于地区稳定的言论。 
　　问：罗马教皇方济各日前接受采访时表示，世界不应畏惧中国快速崛起。他还向习近平主席和中国人民致以新年问候。中方对此有何回应？是否会向教皇发出访华邀请？ 
　　答：我们注意到有关报道。中国对改善中国和梵蒂冈的关系始终是抱有诚意的，我们也为此做出了不懈努力。我们愿意继续本着有关原则，与梵蒂冈方面进行建设性对话，相向而行，推动双方关系改善进程不断向前发展。我们也希望梵蒂冈方面采取灵活、务实态度，为双边关系的改善创造条件。 
　　追问：是否考虑邀请教皇访华？ 
　　答：我没有这方面消息向你提供。 


		",http://www.fmprc.gov.cn/web/fyrbt_673021/jzhsl_673025/./t1337913.shtml
2016年2月2日外交部发言人陆慷主持例行记者会,2016-02-02,"
		
　　问：今天美国大选初选在爱荷华州举行，克鲁兹在共和党胜出，民主党获胜人选尚不清楚。中国政府是否关注选举，对今天的结果有何评论？ 
　　答：这是美国的内政。按照中国政府一贯的立场，我们不对其他国家的选举做评论。不论今年美国大选最终结果如何，我们希望美国当选领导人能继续奉行建设性地发展同中国关系的政策，同中方共同努力，推动中美新型大国关系建设在各个领域取得新的进展。 
　　问：据报道，阿富汗喀布尔发生自杀式炸弹袭击，造成多人伤亡。阿富汗塔利班宣布对事件负责。中方对此有何评论？是否担心此事影响阿巴中美四方协调组会议进程？ 
　　答：我们对此次袭击事件表示震惊和谴责。作为阿富汗的友好邻邦，中方衷心希望阿早日实现和平、稳定与发展，衷心希望阿富汗和解进程继续稳步推进。 
　　阿巴中美四方商定于2月6日在伊斯兰堡举行四方协调组第三次会议。中国外交部阿富汗事务特使将出席会议。四方协调组的成立，旨在为阿富汗政府重启同塔利班的和谈创造良好外部条件，帮助阿政府制定切实可行的和解路线图。中方期待四方协调组在此前讨论基础上，继续努力，争取早日形成一份各方都能接受的路线图，推动和解进程向前发展。中方愿继续为此发挥作用。
 
　　问：越南媒体援引越民航局消息称，国际民航组织已应越方要求，对其官网上有关三亚飞行情报区的航行地图等信息进行修改。国际民航组织并已就此致函越民航局。请问中方对此有何评论？ 
　　答：我们注意到有关报道。经了解，有关报道不实。我想指出的是，有关航行地图的标识目的在于提供便捷有效的空中管制和导航服务，维护国际民用航空运输的安全和秩序，希望有关方面不要将其政治化。 
　　问：中国媒体近日公布卫星图像显示，越南欲在中国声索主权的南海海域建设两个人工岛礁。中方对此有何回应？ 
　　答：关于中国在南海问题上的立场，我们已经重申多次。我们对南海诸岛及其附近海域拥有无可争辩的主权，这个立场没有改变。对于同周边国家在南沙存在的争议，我们一直主张通过双边友好协商解决。 


		",http://www.fmprc.gov.cn/web/fyrbt_673021/jzhsl_673025/./t1337500.shtml
2016年2月1日外交部发言人陆慷主持例行记者会,2016-02-01,"
		　　
　　问：上周五，成都市中级人民法院判处涉嫌谋杀英籍藏族僧人阿贡活佛的2人死刑。你是否认为此案有政治动机？英方是否了解案件审理有关情况？ 
　　答：关于你提到的案件具体情况，我需要了解一下再作答复。但有一个原则是，中国法院依法办事。同时，在中国法律框架范围内，我们也会对外国公民给予正当领事保护，给予外国驻华领事机构合理的探视途径和权利。 
　　问：叙利亚政府同反对派和谈近日在日内瓦举行，但双方尚未进行实质性接触，且在人道准入、释放囚犯等问题上的立场相距甚远。中方如何看待和谈现状和前景？ 
　　答：我们很高兴地注意到会谈终于举行了。这是一个来之不易的会谈，我们希望能取得很好的成果，这有助于缓解叙利亚当前局势。 
　　联合国秘书长叙利亚问题特使德米斯图拉在日内瓦启动了叙政府同反对派和谈。这是2014年1月叙问题第二次日内瓦会议后，叙政府同反对派时隔两年再次回到谈判桌前，凝聚着国际社会推动政治解决叙问题的共同努力。中方对此表示欢迎。 
　　和谈就是为了化解矛盾、弥合分歧。和谈过程虽然漫长，甚至可能出现反复，但和谈是解决叙问题的唯一现实途径，结果也最可持续。我们希望谈判双方本着“循序渐进、求同存异”的原则，不设任何前提条件地参与和谈，逐步把最符合叙利亚实际情况、最符合叙利亚人民根本利益的最大公约数找出来。同时，叙冲突双方都要采取建立信任措施，包括解除对平民区的围困、开放人道准入等，为和谈取得成功创造条件。国际社会有关各方，特别是主要地区国家，要为和谈提供助力。中方将继续做劝和促谈工作，与有关各方一道，共同推动政治解决叙问题。 

　　问：据报道，中国政府朝鲜半岛事务特别代表武大伟1月29日在北京与美国务院对朝政策特别代表金圣镕举行了会谈，请介绍会谈具体内容。 
　　答：自朝鲜不顾国际社会反对进行第四次核试验以来，中方与有关方面一直保持着密切接触。正如你所说，中国政府朝鲜半岛事务特别代表武大伟上周与美国务院对朝政策特别代表、六方会谈团长金圣镕举行了会谈。如果有进一步消息，我们会及时向大家提供。 
　　问：近来，寨卡病毒在一些拉美国家持续蔓延。中方对此有何评价？中方是否会同拉方开展防疫合作，或向拉方提供相关援助？ 
　　答：近期，美洲多个国家相继出现寨卡病毒感染病例，欧洲、亚洲、大洋洲也有输入病例报告。中国有关部门正在密切关注相关国家和地区的疫情情况和防控进展，已提醒近期出国的、以及目前身处疫区的中国公民关注疫情发展和有关国家的疫情提醒，并采取必要卫生防疫措施。中国同拉美和加勒比国家卫生领域合作基础良好。中方支持拉方防疫努力，愿同拉方开展合作，提供力所能及的帮助。 

　　问：美国防部发言人30日表示，美军舰当日“无害通过”中建岛12海里海域。此次“航行自由”行动是为了挑战限制美和其他国家航行权利和自由的过度海洋声索，而不是对地物的主权声索。中方对此有何评论？
　　答：首先我想说，中国对南海诸岛及其附近海域拥有无可争辩的主权。 
　　1月30日，美海军“威尔伯”号导弹驱逐舰违反中国法律，擅自进入中国西沙群岛的领海。中国守岛部队和海军舰机当即采取应对行动，对美军舰进行识别查证，并迅速予以警告驱离。 
　　我想特别指出的是，美国多年来主张的所谓“航行自由计划”或者“航行自由行动”，不符合公认的国际法，无视众多沿海国家的主权安全和海洋权益，严重危害地区和平稳定，其实质是以“航行自由”为名，推行美国的海上霸权，一向受到国际社会广大成员、特别是广大发展中国家的坚决反对。美方这一作法是十分危险和不负责任的。 
　　中国一贯尊重和支持各国依国际法在南海享有的航行自由。但是我们坚决反对任何国家以所谓的“航行自由”为借口损害中国的主权、安全和海洋权益。美国打着“航行自由”的旗号炫耀武力、制造紧张，这恰恰是当前推动南海军事化的最大诱因。我们奉劝美方最好还是趁早停止这种损人不利己的行径。
 

		",http://www.fmprc.gov.cn/web/fyrbt_673021/jzhsl_673025/./t1336958.shtml
2016年1月29日外交部发言人华春莹主持例行记者会,2016-01-29,"
		
　　应国务委员杨洁篪邀请，柬埔寨副首相兼外交国际合作部大臣贺南洪将于2月3日至6日来京，同杨洁篪国务委员共同主持中柬政府间协调委员会第三次会议。 
　　问：据印尼媒体报道，中国承建的印尼高铁项目因未获得施工许可证而被迫暂停。你能否介绍有关情况？ 
　　答：我们注意到有关报道。所谓雅万高铁项目被迫暂停的消息不属实。中国铁路总公司有关负责人已对此作了澄清。雅万高铁项目已于日前举行开工仪式，中印尼两国政府和企业高度重视，正密切合作，全力推进各项工作。中方将同印尼方共同努力，推动雅万高铁项目顺利实施，早日造福印尼人民，并愿以此为契机提升两国务实合作水平，深化互利共赢。 
　　问：日本央行今天决定强化货币宽松政策，将采用负利率，造成日元大幅贬值，中方对这种做法怎么看？这对中国经济尤其是对外贸易会有什么影响？ 
　　答：这个问题请你向有关财经部门了解。总的来讲，我们希望各国能采取负责任的经济货币政策，以利于世界经济的复苏增长。 
　　问：加拿大政府对中方起诉凯文·高表示关切，中方对此有何评论？ 
　　答：据向有关部门了解，加拿大公民凯文·高因涉嫌非法刺探、窃取国家秘密罪，已由辽宁省丹东市人民检察院向丹东市中级人民法院提起公诉。目前，案件正在审理过程中。据了解，有关部门在办案过程中还发现凯文·高涉嫌接受加拿大间谍情报机关任务，在华从事情报搜集活动的线索。 
　　中国司法机关严格依法办事。凯文·高的各项合法权利受到充分保障。 
　　问：一些国家对拉加德谋求连任国际货币基金组织（IMF）总裁表示支持，中方对此持何立场？是否对她表示支持？ 
　　答：国际货币基金组织总裁遴选有既定的程序和原则，中方支持IMF据此开展总裁遴选工作。2010年IMF份额与治理改革方案提出，应采取公开、透明、不分国籍的程序来遴选基金组织以及其他国际金融机构的管理层。相信这将是未来IMF总裁遴选的发展方向。 

　　问：大家都很关注日前美国国务卿克里访华情况。请问你怎么评价克里此次访华？ 
　　答：应王毅外长邀请，美国国务卿克里于1月26日至27日访华。其间，习近平主席、杨洁篪国务委员分别会见克里，王毅外长同克里举行会谈。双方就中美关系及其他共同关心的重要问题进行了积极坦诚、富有建设性的对话沟通，在一些重要问题上取得了积极共识。 
　　双方都认为，在双方共同努力下，过去一年中美关系取得重要发展。今年两国关系中还有一系列高层交往和重要议程，双方应认真落实两国元首重要共识，坚持不冲突不对抗、相互尊重、合作共赢原则，不断拓展双边、地区和全球层面协调与合作，建设性管控分歧和敏感问题，推动中美构建新型大国关系取得更多成果。 
　　双方就朝鲜半岛核问题进行了充分、深入和有益的讨论，增进了彼此了解，达成了一些重要的共识。双方都表示要继续坚定推进半岛无核化目标，维护半岛和平稳定。双方都认为安理会应就朝鲜核试验通过新的决议，采取进一步措施。双方将通过常驻联合国代表团，与其他各方一道，就决议内容进行全面磋商。同时双方也都认为，制裁不是目的，关键是要重启对话谈判，最终把半岛核问题重新拉回对话协商解决的正确轨道。 
　　双方还就南海等问题交换了意见。双方均认为应当通过对话协商以和平方式解决有关争议。 
　　问：斯里兰卡总理日前改变他对于科伦坡港口城项目的看法，表示可以继续推进该项目。中方对此有何评价？ 
　　答：中国和斯里兰卡传统友好，两国合作始终建立在平等、互利、共赢的基础之上。相信斯方从自身经济社会发展需要出发，将进一步深化同中方的务实合作。我们也乐见有实力的中国企业赴斯投资兴业。 
　　问：“人权观察”组织近日发表年度报告，对中国提出批评。中方对此有何评论？ 
　　答：鞋子合不合适，只有自己知道。同样，中国的人权状况到底怎么样，只有中国人民自己最有发言权。人权事业是中国经济社会发展的重要组成部分，正在按照中国国情和人民要求稳步推进。同时，我想指出的是，中国是法治国家，违反法律的人将受到法律制裁。希望有关方面客观、公正、理性地看待当前中国社会各项事业发展。 
　　问：据报道，27日，苏丹总统巴希尔下令开放与南苏丹陆地边境。这是2011年以来两国首次开放边境。南苏丹政府发言人表示，这是正确的积极举措，有助于两国关系正常化和加强经济联系。中方对此有何评论？ 
　　答：中方欢迎苏方开放与南苏丹陆地边境，愿意看到双方不断改善双边关系，实现睦邻友好、共同发展。 
　　问：有媒体报道称，韩美将讨论在朝鲜半岛部署“萨德”系统，韩国防部对此表示肯定立场。中方对此有何评论？ 
　　答：中方在反导问题上的立场是一贯的，明确的。任何国家在谋求自身安全时，都应考虑别国安全利益和地区和平稳定。当前朝鲜半岛形势高度敏感，希望有关国家慎重处理有关问题。 

		",http://www.fmprc.gov.cn/web/fyrbt_673021/jzhsl_673025/./t1336349.shtml
2016年1月28日外交部发言人华春莹主持例行记者会,2016-01-28,"
		　　
　　应马拉维共和国外长沙蓬达，毛里求斯共和国外交、地区一体化和国际贸易部长西纳坦布，莫桑比克共和国外交与合作部长巴洛伊，纳米比亚共和国副总理兼国际关系与合作部长恩代特瓦邀请，外交部长王毅将于1月30日至2月6日对上述四国进行正式访问。 
　　外交部长王毅将于2月4日赴英国出席叙利亚人道捐助会议。 
　　问：我们注意到，近年来中国外长新年首次出访通常都选择非洲。请问王毅外长此访为什么选择这四个非洲国家？中方对访问有何期待？此外，王毅外长此次行程很紧，还要专门赴英国出席叙利亚人道捐助会议，有关考虑是什么？他将在会上提出哪些主张？ 
　　答：发展同非洲国家的团结合作是中国对外政策的基石，也是中方长期、坚定的战略选择。中国外长有每年首次出访都到非洲的好传统。王毅外长此访正是延续了这一好传统，体现了中方对发展中非关系的高度重视。 
　　王毅外长此访选择的这四个国家各具特色，充分体现了中国外交始终坚持的大小国家一律平等原则。王毅外长此访的重要使命是同四国领导人和外长深入讨论如何推动落实中非合作论坛约翰内斯堡峰会成果，特别是落实习近平主席在峰会上提出的发展中非关系新思想新理念和未来三年中非重点实施“十大合作计划”等新举措，对接合作发展优先领域和重点项目，争取让这些合作早见效，中非人民早受益，从而促进中非的合作共赢、共同发展。这也展现了中方言出必行的一贯作风。 
　　在这次访问非洲的紧张繁忙日程中，王毅外长特地专程赶赴英国出席叙利亚人道捐助会议，体现了中方对叙难民问题及叙政治解决进程的重视。我们希望这次会议能进一步唤起各方对叙难民问题的关注，推动国际社会加大投入，协力应对，做好难民援助和安置工作。同时，我们要支持联合国的斡旋工作，推动叙政治解决进程尽快取得进展，从根本上解决叙人道危机。王毅外长将在会上阐述对叙人道局势、政治进程的主张，以及中方为缓解叙流离失所者和难民苦难采取的举措。 
　　问：据报道，朝鲜可能在一周内发射远程导弹。中方对此持何立场？ 
　　答：中方坚定致力于实现朝鲜半岛无核化、坚定致力于维护半岛和平稳定、坚持通过对话协商解决问题。朝鲜核试给半岛和东北亚地区注入新的复杂因素。中方对当前局势高度关注，对事态发展深感忧虑。我们希望有关各方都能冷静对待当前形势，保持克制，不采取过激举措，避免紧张局势轮番升级，共同维护半岛和平稳定大局。 

　　问：据报道，27日，在越南共产党第十二届中央委员会第一次全体会议上，阮富仲再次当选越共中央总书记。中方对此有何评论？中国领导人是否已向阮表示祝贺？对未来中越关系有何期待？ 
　　答：越共十二大于28日胜利闭幕，越共中央总书记阮富仲在十二届一中全会上当选连任。习近平总书记已向阮富仲总书记致电祝贺，强调中越是具有战略意义的命运共同体，中方高度重视发展同越南的关系，愿同越方一道，推动中越全面战略合作伙伴关系持续健康稳定发展。 
　　中越是山水相连的友好邻邦，也是全面战略合作伙伴。在双方共同努力下，双边关系保持良好发展势头。双方高层交往频繁，互利合作持续深化，人文交流日益密切，给两国人民带来了实实在在的利益。中方愿同越方共同努力，落实好两党两国高层共识，推动中越全面战略合作不断取得新的更大发展。 
　　问：台湾地区领导人马英九今天登上太平岛并发表声明。你对此有何评论？ 
　　答：南沙群岛自古以来就是中国领土。两岸中国人都有责任维护中华民族祖产。 
　　中国政府一向致力于将南海建设成和平之海、友谊之海、合作之海，将继续为维护南海航行自由、和平稳定、繁荣发展做出积极努力。 



 
		",http://www.fmprc.gov.cn/web/fyrbt_673021/jzhsl_673025/./t1335975.shtml
2016年1月27日外交部发言人华春莹主持例行记者会,2016-01-27,"
		　　
　　应外交部长王毅邀请，乌兹别克斯坦共和国外交部长阿卜杜拉济兹·卡米洛夫将于1月27日至29日来华进行工作访问。 
　　问：据报道，1月26日，俄罗斯外长拉夫罗夫在大型记者会上表示，俄中关系处于历史最好水平，两国全方位合作机制绝无仅有。俄中两国在国际事务中的相互协作是确保国际稳定的重要因素之一，两国在所有国际问题上开展最紧密的合作。中方对此有何回应？ 
　　答：中方完全赞同拉夫罗夫外长昨天在记者会上对中俄关系的高度评价。 
　　当前中俄全面战略协作伙伴关系保持高水平积极发展势头。双方去年共同举办第二次世界大战胜利70周年庆祝和纪念活动，启动丝绸之路经济带建设和欧亚经济联盟建设对接合作，成功举办青年友好交流年，开展了密切有效的国际协作，在促进各自发展，维护国际和平、安全与稳定方面取得一系列标志性和突破性的合作成果。 
　　中方愿同俄方继续共同努力，全面落实两国领导人达成的各项重要合作共识，以庆祝《中俄睦邻友好合作条约》签署15周年为契机，继续弘扬中俄世代友好的和平理念，把两国高水平的政治关系优势转化为更多务实合作和国际合作成果，推动双边关系实现更大发展，为地区及世界的和平、安全与稳定作出更大贡献。 

　　问：据报道，关于南海问题，柬埔寨副首相兼外长贺南洪表示，相关国家应当在东盟不参与的情况下自己解决他们之间的争端。中方对此有何评论？ 
　　答：南海问题的实质是一些国家侵占中国南沙群岛部分岛礁引起的领土争议以及南海沿岸国之间的海洋权益主张重叠问题。中方主张本着“双轨思路”妥善解决南海问题，也就是有关争议由直接当事国通过谈判协商和平解决，南海和平稳定由中国和东盟国家共同维护。这也是东盟大多数国家的共识。柬方上述表态再次证明“双轨思路”得到广泛认同。中方对此表示赞赏。 
　　问：克里国务卿正在访问中国，希望中方制止朝鲜核进程。中方是否支持对朝采取更强硬措施和加强管控？将会采取哪些制裁或其他措施？ 
　　答：克里国务卿正在中国进行访问。今天王毅外长与克里国务卿举行会谈，就双方共同关心的问题深入交换意见。有关消息将及时发布。 
　　关于半岛核问题，昨天我已经表明了中方立场。中方为推进半岛无核化、维护半岛和平稳定作出了不懈努力，发挥着重要作用，这是有目共睹的。实现半岛无核化、维护半岛和平稳定不是中方一家之事，需要有关各方齐心协力，相向而行。近年来半岛无核化进程遇到困难，六方会谈暂时停滞，其中重要原因就是个别当事方没有做到这一点。我们希望有关国家切实承担起自己应尽的责任，真正发挥建设性作用，和中方一道为推动半岛核问题早日重回正确轨道作出建设性和积极努力。 

 
		",http://www.fmprc.gov.cn/web/fyrbt_673021/jzhsl_673025/./t1335551.shtml
2016年1月26日外交部发言人华春莹主持例行记者会,2016-01-26,"
		　　
　　问：近日，美方官员对记者表示，东盟国家希望团结起来，维护海洋权益，避免军事化和冲突。中方对此有何评论？ 
　　答：我注意到有关报道。美方官员并非东盟国家代言人，我不对其言论作评论。 
　　我要指出的是，维护亚太地区的和平稳定符合本地区各国的利益。希望美方为亚太地区和平稳定发挥建设性的作用，而不是搬弄是非、制造不和谐。 
　　问：这几天有所谓美国官方人士不断透过媒体发声，在半岛核问题上说了一些针对中国的言论。请问中方对此有何评论？ 
　　答：我们注意到了这些言论。其中的很多说法显然不合道理，也不具有建设性。 
　　实现半岛无核化、维护半岛和平稳定符合各方利益，作为半岛近邻和负责任大国，中方为此作出了不懈努力，发挥着重要作用，这是有目共睹、无法否认的事实。但实现半岛无核化、维护半岛和平稳定不是中方一家之事，需要有关各方齐心协力，相向而行。近年来半岛无核化进程遇到困难，六方会谈暂时停滞，其中重要原因就是个别当事方没有做到这一点。因此，我们希望并敦促有关国家切实承担起自己应尽的责任，真正发挥出建设性作用，和中方一道，早日推动半岛核问题重回正确轨道，而不是总对别人指手画脚，说三道四。 

　　问：中方近期释放了瑞典人彼得，你能否介绍他被释放原因？ 
　　答：首先我要纠正你的说法，不是“释放”，是驱逐出境。 
　　据向有关部门了解，瑞典籍人员彼得涉嫌资助危害中国国家安全犯罪活动罪。根据《中华人民共和国刑事诉讼法》有关规定，北京市国家安全局于2016年1月4日依法对其采取指定居所监视居住强制措施。经讯问，彼得对涉嫌犯罪经过供认不讳。根据中国相关法律，中方于2016年1月25日将其驱逐出境。 
　　此前，根据《维也纳领事关系公约》相关规定，中方向瑞方通报了有关情况，并安排瑞方对彼得进行了探视。 
　　问：中方对美方批评中国在南海填海造地并进行试飞活动有何回应？ 
　　答：我们不接受这样的无理批评。中方已经多次阐明了在南沙群岛有关岛礁进行建设活动以及在永暑礁进行校验和试飞活动的正当性、合理性和公益性。有关建设完成后将有助于提升南海地区海上搜救等公共服务能力。希望有关国家正确看待，停止无端指责和炒作。如果他们真心希望维护南海地区和平稳定，就应该同中方共同努力，为此发挥建设性作用。 

 
		",http://www.fmprc.gov.cn/web/fyrbt_673021/jzhsl_673025/./t1335168.shtml
2016年1月25日外交部发言人华春莹主持例行记者会,2016-01-25,"
		
　　应外交部长王毅邀请，美国国务卿约翰·克里将于1月26日至27日访华。双方将就中美关系及其他共同关心的问题交换意见。 
　　问：1月22日，克罗地亚议会召开全体会议，表决通过对新一届政府的信任案，奥雷什科维奇宣誓就任总理。中方对此有何评论？ 
　　答：中方祝贺克罗地亚新政府成立，李克强总理已向奥雷什科维奇总理发去贺电。 
　　当前，中克关系稳步发展，两国高层交往频繁，各领域交流合作不断取得积极进展。中方高度重视发展中克关系，愿同克新一届政府共同努力，在相互尊重、平等互利基础上，充分利用中国—中东欧“16+1合作”等平台，提升务实合作水平，推动中克全面合作伙伴关系取得更多成果。 
　　问：请介绍美国国务卿克里访华有关安排。 
　　答：关于克里国务卿访华情况，我们将会及时发布有关消息。 
　　我们希望克里国务卿此次对中国的访问有助于加深中美双方在一系列重要问题上的沟通，推进各领域协调与合作，推动中美关系持续健康稳定发展。 
　　问：有两位中国公民在老挝袭击事件中死亡，一名受伤，中方是否对此表示关切？是否已经跟老方取得联系？ 
　　答：1月24日上午，不明身份的暴力分子在老挝赛宋奔省发动暴力袭击，造成中国公民2人死亡，1人受伤。中国驻老挝使馆对此高度重视，立即启动应急机制，会同老方全力救治伤员，妥善处理死者善后。使馆领事官员前往医院探望受伤的中国公民。中方也与老挝有关部门保持密切沟通，要求老方尽快破案，并采取有效措施，确保中国公民在老人身财产安全。目前老方正就此事进行调查。中国驻老挝使馆也提醒在老中国公民加强安全防范。 
　　问：阿富汗外长正在对中国进行正式访问。请问中阿双方将会讨论哪些议题？ 
　　答：应王毅外长邀请，阿富汗外长拉巴尼将于1月25日至28日对中国进行正式访问。这是拉巴尼外长就任以来首次访华，也是今年中阿两国之间的首起高级别访问，双方对此高度重视。访问期间，中国领导人将会见拉巴尼外长，王毅外长将与拉巴尼外长举行会谈。 
　　去年，中阿两国共同庆祝了建交60周年暨“中阿友好合作年”。两国领导人在双、多边场合多次会晤，各领域交流合作取得富有成效的进展。我们希望通过拉巴尼外长此访，落实好两国领导人达成的各项共识，规划好今年双边关系发展，推动中阿战略合作伙伴关系不断向前发展。 

　　问：据报道，23日，尼泊尔议会通过“宪法第一修正案”，增加了马德西人在议会中的席位，并设定相应条款确保其在选举中的权益。中方对此有何评论？ 
　　答：中方密切关注尼泊尔局势发展，欢迎尼政府与有关各方通过对话解决分歧的努力。作为友好邻邦，我们衷心希望尼国内各派从国家和人民的根本利益出发，早日通过对话协商解决分歧，尽快恢复尼局势稳定，共同致力于尼灾后重建和长远发展。 
　　问：据报道，乌克兰基础设施建设部部长15日称，乌当日开通乌中货运列车。该列车将沿“丝绸之路经济带”穿过里海、阿塞拜疆、哈萨克斯坦后抵达中国。车上所载部分货物为铁矿石，返程将从中国运回建筑材料和消费品。请介绍该列车线路有关情况及中方反应。 
　　答：欧亚地区国家都积极支持并踊跃参与丝绸之路经济带建设。近年来，有关国家在原有连接中国东北和华北的跨西伯利亚大铁路、新欧亚大陆桥（起自连云港，经新疆、哈萨克斯坦、俄罗斯到欧洲）基础上，相继开通了渝新欧（重庆-新疆-哈萨克斯坦-俄罗斯-欧洲）、郑新欧（郑州-新疆-哈萨克斯坦-俄罗斯-欧洲）等货运班列。这是丝绸之路经济带建设基础设施互联互通和贸易畅通的重要方面。对于你提到乌方同有关国家开通的新线路，中方同样表示欢迎。 
　　问：据报道，关于叙利亚难民问题的国际会议将于2月4日在英国伦敦举行，美国总统奥巴马等将与会。中方会不会参加此次会议？谁将与会？ 
　　答：关于你提到的有关会议情况我需要了解。 
　　我们认为，要从根源上解决叙利亚难民问题，必须尽快实现叙利亚问题的政治解决。目前，叙利亚问题政治解决面临着难得的“窗口期”，叙利亚政府同反对派将在联合国主持下于近期启动和谈，中方对此表示欢迎和支持。我们呼吁国际社会共同维护当前的积极势头，推动谈判双方从叙利亚国家长远大局出发，从叙利亚人民根本利益出发，展现灵活、求同化异，不断积累和扩大共识，坚持谈下去，谈出结果来。中方也将一如既往为推动叙利亚问题的政治解决发挥积极和建设性的作用。
 

		",http://www.fmprc.gov.cn/web/fyrbt_673021/jzhsl_673025/./t1334806.shtml
2016年1月22日外交部发言人洪磊主持例行记者会,2016-01-22,"
		　　
　　问：据报道，美军方正讨论升级部署在夏威夷的导弹防御设施。有分析认为，这是为了应对来自朝鲜和中国的军事威胁。你对此有何回应？ 
　　答：中方在反导问题上的态度是明确的、一贯的，没有改变。 
　　问：中国政府朝鲜半岛事务特别代表武大伟与日本六方会谈团长、外务省亚大局长石兼公博在北京举行会谈。你能否介绍会谈具体内容？还有哪些中方官员参与会谈？ 
　　答：1月21日，中国政府朝鲜半岛事务特别代表武大伟在北京会见日本六方会谈团长、外务省亚大局长石兼公博，双方就当前朝鲜半岛局势交换了意见。 
　　问：菲律宾青年组织“卡拉延是我们的”发言人21日称，该组织计划于4月份再次前往南沙岛礁以“保卫菲领土”。中方对此有何反应？ 
　　答：中国对南沙群岛及其附近海域拥有无可争辩的主权。菲律宾在其非法侵占的中国南沙群岛部分岛礁上的任何活动都是非法的、无效的。菲方有责任对有关组织或个人加强管束，以免造成有关问题进一步复杂化、扩大化。 
　　问：习近平主席去年11月在新加坡国立大学发表演讲时表示，尽管中国拥有主权的一些南海岛礁被他人侵占，但中方始终主张通过和平谈判方式解决问题。这是否表明中方将通过谈判而非军事行动收复相关被占岛礁？ 
　　答：中国对南海诸岛及其附近海域拥有无可争辩的主权。上世纪70年代，个别国家非法武力侵占中国南沙群岛部分岛礁，中方对此坚决反对。中方从地区大局出发，始终保持高度克制，致力于同有关直接当事国在尊重历史事实基础上，根据国际法，通过谈判协商解决有关问题。同时，中国致力于同东盟国家共同维护南海地区和平稳定。这一立场没有改变。 
　　问：据加拿大媒体报道，温哥华法院近日提供的起诉文件显示，2名中国军人卷入中国公民苏斌涉嫌窃取美国军工机密案。中方对此有何评论？ 
　　答：中国政府机构和军队反对、也不从事任何形式的网络黑客行为。所谓中国军人卷入对美窃密案的说法，完全是捕风捉影、别有用心。 
　　中国政府一贯重视保护中国公民在海外的合法权益。我们将继续密切关注涉及中国公民苏斌的案件，要求加方遵守《中加领事协定》规定，确保有关中国公民的合法权益。 
　　问：据报道，韩国总统朴槿惠提议举行除朝鲜外其余5个六方会谈成员国的会谈。你是否认为相较于六方会谈，五方会谈能更好地解决朝核问题？ 
　　答：在当前朝鲜半岛形势下，对话谈判仍然是解决问题的根本途径。希望有关各方恪守9·19共同声明的原则和精神，早日重启六方会谈，推进半岛无核化目标，谋求东北亚地区的长治久安。 

　　问：针对一些舆论称中国政府没有阻止朝鲜进行核试验，美国政治历史学家约翰·科奇及哥伦比亚大学教授查尔斯·阿姆斯特朗撰文称，世界应该感谢而不是非难中国在朝核问题上发挥的作用。你对此有何评论？ 
　　答：中国始终是国际核不扩散体系的维护者、朝鲜半岛和平稳定的营造者、对话谈判解决问题的推动者。中方坚持半岛无核化目标，并一直为此作出自己的努力。我们希望有关各方都能担负起各自责任和义务，推动半岛核问题早日得到妥善解决。 
　　问：越南共产党正召开第十二次全国代表大会并选举下一届领导集体。鉴于中越存在南海争议，中方是否担心越南日渐倒向美国？ 
　　答：越南共产党第十二次全国代表大会已经召开，中共中央21日已致电祝贺。中国党和政府高度重视发展中越关系，愿同越方一道在“长期稳定、面向未来、睦邻友好、全面合作”方针和“好邻居、好朋友、好同志、好伙伴”精神的指引下，推动中越全面战略合作伙伴关系进入新的阶段。我们也愿同越方妥善管控海上分歧，维护海上稳定。 
　　问：日本首相安倍22日表示，希进一步强化与中国关系改善的趋势。同日，岸田文雄外相指责中国南海岛礁建设是单方面加剧紧张局势，呼吁七国集团合作加强海洋法治，并称钓鱼岛周边领海遭入侵及东海资源被单方面开发的现象仍在持续。中方对此有何反应？ 
　　答：中日关系近来有所改善，这符合两国人民的共同利益。为保持当前两国关系改善势头，日方应多做有利于两国关系发展的事，多说有利于两国关系发展的话。 
　　关于日方涉南海问题的言论，我要指出的是，日本曾在二战期间非法侵占中国南海诸岛，战后中方予以收回。日方在南海问题上应该做的是汲取历史教训，而不是拨弄是非。中方对日方试图插手南海问题保持高度警惕。 
　　关于钓鱼岛问题，中方的立场十分清楚。钓鱼岛及其附属岛屿自古以来就是中国的固有领土，中国政府维护领土主权的决心坚定不移。 
　　中国在东海的油气开发活动均是在无争议的中国管辖海域进行的，是中国主权权利范围内的事情。 
　　问：你能否介绍美国常务副国务卿布林肯访华有关情况？ 
　　答：1月21日，外交部张业遂副部长和美国常务副国务卿布林肯共同主持中美战略安全对话会间会。双方就重大战略安全、综合安全问题深入、坦诚交换意见。双方同意继续利用好中美战略安全对话机制，为两国增进互信、管控分歧、拓展合作发挥更大作用。对话期间，双方还就中美关系和共同关心的重大国际地区问题交换了意见。 

		",http://www.fmprc.gov.cn/web/fyrbt_673021/jzhsl_673025/./t1334104.shtml
2016年1月21日外交部发言人洪磊主持例行记者会,2016-01-21,"
		
　　问：据报道，1月20日，巴基斯坦开普省帕夏汗大学遭遇恐怖分子袭击，至少造成包括学生和教职人员在内的21人死亡。中方对此有何评论？ 
　　答：我们对这一袭击表示强烈谴责。中方坚决反对针对无辜平民的恐怖袭击，支持巴基斯坦打击恐怖主义，维护国家稳定和人民安全。 
　　问：吉布提总统盖莱20日宣布，吉已与中方签署了建立自贸区、中国利用吉港口进行外贸转运、中国银行在吉运营等协议，中国为何对吉布提如此关注？ 
　　答：近年来，中吉友好关系得到新发展，双方政治互信不断加深，经贸合作蓬勃开展，人文交流十分活跃。在出席约翰内斯堡峰会期间，习近平主席和盖莱总统举行会晤，进一步指明了中吉加强双边关系、维护地区和平稳定、促进共同发展的意愿。当前，中国与非洲国家正在落实约翰内斯堡峰会期间双方达成的共识，切实助推非洲发展，中吉有关协议体现了这一努力。 

　　问：中国美国商会近日发布调查报告称，中国营商环境在恶化，四分之一的受访企业表示已经或准备将某些部门移出中国，主要原因是人工成本上涨和网络监管、反垄断调查等监管压力上升，中方对此有何评论？ 
　　答：我注意到有关报告。也注意到这个报告提到，有60%的美国企业在华盈利，有60%的企业仍将中国列为其投资重点前三位的国家之一，近四分之一企业认为中国是其投资首选。 
　　根据中国商务部的统计数据，2014年，中国吸收外资规模居世界第一，达到1200亿美元，连续23年保持发展中国家首位。2015年1至11月，中国设立外商投资企业23648家，同比增长11%，实际使用外资金额同比增长7.9%，预计全年吸收外资1260亿美元，再创历史新高。 
　　我想强调，中国利用外资的政策不会变，为各国在华投资企业创造良好投资环境的政策不会变，保护外商投资企业合法权益的政策不会变。中国经济增长潜力和回旋余地很大，我们愿继续同各国分享中国发展红利，谋求互利共赢。 
　　问：美国常务副国务卿布林肯正在北京访问，中方哪位官员将与他会晤？双方是否将重点讨论朝鲜、台湾等议题？ 
　　答：美国常务副国务卿布林肯于1月20日至21日访华，与张业遂副部长共同主持中美战略安全对话会间会。双方将就中美关系以及共同关心的战略安全、综合安全问题交换意见。 
　　问：中方在吉布提建设军事设施是否只是出于在亚丁湾护航的目的？ 
　　答：近年中国派出护航编队赴亚丁湾、索马里海域护航。在执行任务过程中，官兵休整和食品、油料补给面临许多实际困难，有必要实施就近高效的后勤保障。中吉就建设保障设施进行协商并达成共识，这有利于中国军队进一步执行好护航任务、为地区和平稳定作出新贡献。相关设施的性质是明确的，就是为中国在亚丁湾、索马里的护航编队提供后勤保障。 

		",http://www.fmprc.gov.cn/web/fyrbt_673021/jzhsl_673025/./t1333693.shtml
2016年1月20日外交部发言人洪磊主持例行记者会,2016-01-20,"
		　　 
　　一、应印尼方邀请，国务委员王勇将于1月20日至22日赴印尼出席中印尼合作建设的雅加达至万隆高铁项目动工仪式。 
　　二、应外交部长王毅邀请，阿富汗外长拉巴尼将于1月25日至28日对中国进行正式访问。 
　　问：你能否介绍王勇国务委员此访日程安排？你认为合作建设雅万高铁将对中国与印尼关系发展产生哪些积极作用？ 
　　答：王勇国务委员此次赴印尼期间，将会见印尼总统佐科，并同佐科总统共同出席中印尼合作建设的雅加达至万隆高铁项目动工仪式。雅万高铁是印尼第一条高速铁路，将有助于印尼改善基础设施条件，提升互联互通水平。 
　　当前中印尼关系发展势头很好。两国合作建设雅万高铁，将进一步推进双方在基础设施等领域的务实合作，促进两国全面战略伙伴关系取得更大发展。 

　　问：你刚才提到拉巴尼外长将访华，能否介绍此访日程安排？中方对此访有何期待？ 
　　答：中阿两国是传统友好邻邦。此系拉巴尼外长就任以来首次访华，也是今年中阿间首起高级别访问，双方对此高度重视。访问期间，中国领导人将会见拉巴尼外长，王毅外长将与拉巴尼外长举行会谈。 
　　去年，中阿两国共同庆祝建交60周年暨“中阿友好合作年”。两国领导人在双、多边场合多次会晤，各领域交流与合作富有成效，两国关系持续向前发展。我们希望通过此访，落实好两国领导人达成的共识，规划好今年双边关系发展，推进双方在经贸、安全、人文、国际地区事务等领域合作，推动中阿战略合作伙伴关系不断向前发展。 
　　问：习近平主席访问沙特期间，中沙发表联合声明，强调支持也门合法政权。中方对此如何考虑？ 
　　答：中方一贯从维护中东地区和平稳定以及也门人民根本利益出发，积极劝和促谈，希望也门尽快结束冲突、实现和解，国家恢复稳定，经济社会得到发展。中方始终站在中东和平和也门人民一边。 

		",http://www.fmprc.gov.cn/web/fyrbt_673021/jzhsl_673025/./t1333264.shtml
2016年1月19日外交部发言人洪磊主持例行记者会,2016-01-19,"
		
　　问：据报道，16日下午，美国亚利桑那州发生一起枪击案，1名中国留学生遇难。你能否证实并介绍中方做了哪些工作？ 
　　答：当地时间1月16日，中国留美学生江玥在亚利桑那州遭枪击遇难。中国驻洛杉矶总领馆高度重视，立即启动应急机制，派员赴案发地了解详情，要求美方尽快查明案情，严惩凶手，并采取切实措施保障我在美人员和机构安全。 
　　外交部和驻洛杉矶总领馆将密切关注案件进展，为家属赴美善后提供必要协助。 
　　问：日本首相安倍日前接受《金融时报》采访时表示，日本对中国在南海建设人工岛礁并试图在东海开发油气资源深感关切，呼吁国际社会对此发出更多声音。中方对此有何反应？ 
　　答：中国在东海油气开发活动均是在无争议的中国管辖海域进行的，是中国主权权利范围内的事情。 
　　中国对南沙群岛及其附近海域拥有无可争辩的主权。中国在南沙群岛有关岛礁上进行建设活动是中方主权范围内的事情，合法、合理、合情。日本在二战期间一度侵占中国南海诸岛。战后，中国政府予以收回。日本应该铭记侵略历史，深刻反思所作所为，在东海、南海问题上谨言慎行，多做有助于增进同邻国互信和本地区和平稳定的事，而不是拨弄是非。中国对日本插手南海问题的企图保持高度警惕。 

　　问：菲律宾民航局官员18日称，菲民用飞机1月7日前往中业岛，其间收到中国海军通过无线电频道发布的警告。菲“卡拉延市”市长称，中方还驱离了飞经该地区的其他民航飞机和军机，本地区飞行自由受到威胁。你对此有何回应？ 
　　答：中国对包括中业岛在内的南沙群岛拥有无可争辩的主权。自上世纪70年代开始，菲律宾派兵非法侵占包括该岛在内的中国南沙群岛8个岛礁，其后并在上面大兴土木，部署武备。中方对此坚决反对。 
　　菲方有关说法危言耸听，刻意渲染局势紧张，居心叵测，其图谋不会得逞。 
　　问：菲律宾民航局18日称，菲将在南海中业岛设立民航卫星跟踪系统，用于监视该区域民航及商业飞行活动，并加设7个民用航空雷达站。你对此有何反应？ 
　　答：中国对包括中业岛在内的南沙群岛拥有无可争辩的主权。菲方在侵占的中国领土上开展任何活动都是非法的，都无法掩盖其侵占行为的非法性。 

		",http://www.fmprc.gov.cn/web/fyrbt_673021/jzhsl_673025/./t1332867.shtml
2016年1月18日外交部发言人洪磊主持例行记者会,2016-01-18,"
		
　　应世界经济论坛创始人兼执行主席施瓦布的邀请，国家副主席李源潮将于1月20日至22日出席在瑞士达沃斯举行的世界经济论坛2016年年会。 
　　与会期间，李源潮副主席将出席由论坛方举办的中国经济和二十国集团（G20）峰会专场会并发表特别致辞。李副主席将向与会各界人士介绍中国经济现状和走势、重要改革举措和重大发展理念，分享中国主办G20峰会的设想和主张，并同有关国家领导人就双边关系和共同关心的国际地区问题交换看法。 
　　问：伊朗核问题全面协议“执行日”已经到来，国际社会对此表示欢迎。中方对此有何评论？将为全面协议执行发挥什么作用？ 
　　答：中方对伊朗核问题全面协议“执行日”到来表示祝贺。昨天，王毅外长就“执行日”到来接受了媒体采访，全面阐明了中方的有关立场和主张。 
　　王毅外长表示，全面协议“执行日”到来，是朝政治外交解决伊核问题又迈出的坚实一步。全面协议将从准备铺垫进入落地执行的新阶段，对伊制裁开始解除。这对于当前面临考验的国际核不扩散体系具有示范效应，对于渴望和平与发展的伊朗人民，当天无疑是个好日子。 
　　王毅外长指出，中国一直主张通过政治外交手段解决伊核问题，建设性参与了全面协议谈判全过程，为推动解决铀浓缩和制裁解除等难点问题提出了有益的方案和思路。全面协议达成后，我们又同各方一道，积极开展协议执行准备。特别是在阿拉克重水堆改造问题上，中方同美、伊等各方开展了卓有成效的合作，推动达成“官方文件”和“谅解备忘录”，为“执行日”顺利到来创造了条件。中方还为国际原子能机构执行全面协议相关对伊核查任务捐款400万元人民币。 
　　王毅外长就下阶段全面执行协议提出三点主张：一是恪守承诺。各方应继续抓住全面协议这条准绳，坚持分步对等、公正平衡的原则，不折不扣地履行承诺。二是增进互信。各方应继续从大处着眼，从大局出发，持之以恒地巩固互信，使之成为协议后续执行的“压舱石”。三是互谅互让。各方要继续秉持达成协议的精神，相互体谅，求同存异，妥善解决分歧，积极寻求共识，合力取得进展。 
　　王毅外长重申，中方维护国际和平与稳定的庄严承诺不会改变，推进全面协议执行的政治意愿不会动摇，寻求和平解决伊核问题的外交努力不会放松。中方将继续同各方一道，共同为推动伊核问题的全面、长期和妥善解决做出新贡献。 

　　问：民进党候选人蔡英文赢得台湾大选，这对两岸关系有何影响？如蔡英文上台后寻求台湾“独立”，大陆将作何反应？ 
　　答：中共中央台办、国务院台办负责人已就台湾地区领导人选举结果发表谈话。 
　　台湾问题是中国的内政。世界上只有一个中国，大陆和台湾同属一个中国，中国的主权和领土完整不容分割。台湾地区选举结果不改变这一基本事实和国际社会的共识。无论台湾岛内局势发生什么变化，中国政府坚持一个中国原则、反对“台独”、反对“两个中国”和“一中一台”的立场没有改变，也不会改变。在维护国家主权和领土完整的重大问题上，中国政府的意志坚如磐石，绝不容忍任何形式的“台独”分裂活动。我们希望并相信国际社会将坚持一个中国原则，反对任何形式的“台独”，以实际行动支持两岸关系和平发展。 
　　问：据媒体报道，美国前常务副国务卿伯恩斯近日赴台湾参访并会见台湾政要。请问中方有何评论？ 
　　答：中方已就此向美方表示关切。我愿重申，台湾是中国领土不可分割的一部分，台湾事务纯属中国内政。我们敦促美方恪守坚持一个中国政策、遵守中美三个联合公报原则、反对“台独”的承诺，谨言慎行，不以任何方式干涉中国内政，多做有助于中美关系稳定发展和两岸关系和平发展的事，而不是相反。 
　　问：据报道，朝鲜16日发表声明称，此前朝曾提出，美停止联合军事演习，朝相应停止核试验，以及签署和平协定等提议，这些提议依然有效。中方对此有何评论？ 
　　答：中方一贯主张，朝鲜半岛问题应标本兼治，综合施策。我们希望有关各方能够冷静对待当前形势，坚持对话协商解决问题的大方向，相向而行，合理解决相互关切，共同谋求地区持久和平稳定。 
　　问：习近平主席即将访问中东，他是否会调停伊朗和沙特的冲突？ 
　　答：外交部张明副部长在今天上午举行的中外媒体吹风会上已回答了类似问题。我们希望地区国家保持冷静克制，通过对话和协商妥善地化解矛盾和分歧，共同促进地区稳定。这符合所有地区国家的共同利益。 
　　习近平主席访问沙特、埃及、伊朗期间，将与三国领导人就双边关系和重大国际地区问题深入交换意见，中方将继续为推动中东地区和平稳定发挥建设性作用。


		",http://www.fmprc.gov.cn/web/fyrbt_673021/jzhsl_673025/./t1332505.shtml
2016年1月15日外交部发言人洪磊主持例行记者会,2016-01-15,"
		
　　问：印尼首都雅加达系列爆炸和枪击案发生后，国际社会纷纷谴责此次恐怖袭击，呼吁各国团结一致消除恐怖主义。中方对此有何评论？是否将与各国一起合作打击恐怖主义？ 
　　答：中方对印尼雅加达发生的恐怖袭击表示谴责，坚决反对任何针对无辜平民的暴力恐怖行径。恐怖主义是人类的共同敌人。中方愿同包括印尼在内的国际社会一道，共同打击恐怖主义，维护国际和地区和平稳定。 
　　中国驻印尼使馆已经紧急启动突发事件应急机制，提醒在印尼中国公民注意人身安全，减少外出，避免前往商场等人员密集场所。遇紧急情况及时报警并第一时间与中国驻印尼使领馆联系。 
　　问：韩国媒体援引中国国防部官员的话称，鉴于朝鲜核试验违反了联合国安理会之前通过的有关决议，中方将参与联合国新的对朝决议。这是否意味着中方将支持新的对朝制裁？ 
　　答：中方支持联合国安理会对此次朝鲜核试作出反应。有关决议应该着眼于实现半岛无核化，防止核扩散，维护东北亚地区的和平稳定。 
　　问：联合国秘书长叙利亚问题特使表示，叙利亚和谈将于本月25日在日内瓦举行。中方对此有何评论？ 
　　答：叙利亚问题必须政治解决。中方支持叙利亚各方在联合国主持下如期举行和谈。各方要继续支持联合国秘书长特使的斡旋努力，配合做好叙利亚双方工作，推动和谈取得积极成果。中方将继续劝和促谈，发挥建设性作用。 

　　问：台湾地区领导人选举将于1月16日举行，未来大陆将如何构建两岸关系？ 
　　答：关于岛内选举和两岸关系，国台办发言人日前已经阐述了立场。我要强调的是，我们一贯坚持一个中国原则，反对“台独”，反对“两个中国”、“一中一台”。不管岛内形势发生怎样的变化，这一立场没有改变，也不会改变。 
　　问：美国共和党总统候选人特朗普称，如果中方继续操纵人民币贬值，美应对中国商品征收更高额关税。中方对此有何评论？ 
　　答：中方一贯坚持以市场供求为基础、参考一揽子货币进行调节、有管理的浮动汇率制度，不断深化金融市场改革与开放，推动人民币汇率形成机制改革并取得重要进展。我们反对搞货币竞争性贬值，反对打货币战。中方将在继续推进有关改革的同时，保持人民币汇率在合理均衡水平上的基本稳定。 
　　问：中国和埃及本月将在埃共同庆祝中埃文化年开幕，并举行文艺演出活动，请介绍有关情况。 
　　答：中埃关系近年来取得了重要发展，无论是在政治、经济还是人文交流领域，相关交流合作蓬勃开展。我们支持双方进一步加强人文交流，巩固和夯实两国友好的民意基础。 

		",http://www.fmprc.gov.cn/web/fyrbt_673021/jzhsl_673025/./t1332010.shtml
2016年1月14日外交部发言人洪磊主持例行记者会,2016-01-14,"
		 
　　问：昨天，中国政府发表了首份《中国对阿拉伯国家政策文件》。请问中方为何要发表有关文件？文件发表有何意义？ 
　　答：今年是中国开启同阿拉伯国家外交关系60周年。60年来，中阿双方坚持相互尊重、平等相待，在合作中坚持互利共赢、共同发展，双方的人文交流也取得了积极发展。中阿各领域合作在广度和深度上都实现了历史性跨越，成为南南合作的又一典范。 
　　为了总结中阿关系发展的历史经验和启示，规划中阿友好合作的重点领域和方向，中国政府发表首份《中国对阿拉伯国家政策文件》，全面回顾中阿关系60年来取得的发展成就，集中宣示新时期中国发展对阿关系的政策举措，重点制定了政治、经贸、社会发展、人文交流、和平与安全等五大领域的合作“路线图”，对推动建立“全面合作、共同发展”的中阿战略合作关系具有重要意义。 
　　问：今天，印尼发生了连环爆炸和枪击事件，是否有中国公民在事件中伤亡？中方是否会发出针对中国公民的旅游警告？ 
　　答：我们注意到了有关报道，对雅加达发生多起爆炸和枪击事件感到震惊，对肇事者予以强烈谴责。经中国驻印尼使馆初步核实，目前尚未收到中国公民伤亡报告。我们将密切关注事态进展，同时也请大家关注中国领事服务网。 
　　问：据报道，哈萨克斯坦前不久积极参与了处理伊朗浓缩铀库存问题。中方对此有何评价？ 
　　答：当前，各方都在紧锣密鼓地开展伊朗核问题全面协议执行准备工作，全面协议“执行日”指日可待。 
　　哈萨克斯坦一直致力于推进伊核问题政治外交解决进程，曾两次承办伊核谈判。前不久，哈方又为解决伊朗浓缩铀库存问题发挥了重要、建设性作用。中方对此高度赞赏。 
　　伊核全面协议执行需要国际社会共同做出努力。中方愿同哈萨克斯坦等其他各方一道，共同推动全面协议顺利执行。 

　　问：据报道，针对中方日前在永暑礁新建机场进行校验试飞事，越南方面昨天称，尽管中方之前通过外交渠道向越南外交部通报了飞行计划，但中方民航部门并未向越南民用航空局作通报，有关飞行威胁民用航空安全。中方对此有何回应？之前是否向越南空管部门通报了有关飞行计划？ 
　　答：中方对越方的一再辩解感到震惊和不解。我首先要重申的是，中国对南沙群岛及其附近海域拥有无可争辩的主权。 
　　在中方因越方无端阻挠而不得不将有关飞行活动转化为国家航空活动前，北京时间2015年12月28日17时46分，中国民用航空飞行校验中心根据有关规定和国际惯例，向胡志明飞行情报区管理当局通报了中方校验机的飞行计划和航线等具体技术信息。 
　　我们再次重申，中方对永暑礁新建机场所进行的校验和试飞活动，符合国际法和国际通行做法。 
　　问：今天，韩国外交部半岛和平交涉本部长、六方会谈团长黄浚局和中国政府朝鲜半岛事务特别代表武大伟将举行会谈。中方对此有何期待？ 
　　答：在当前朝鲜半岛形势下，中方和韩方一直保持沟通。日前王毅外长已与韩国外长尹炳世通电话，交换了意见。今天，武大伟特别代表将与黄浚局团长进行会晤。 
　　我们希望这次会晤能就在当前形势下推动半岛无核化目标、维护核不扩散机制、维护东北亚和平稳定等进行探讨。 
　　问：有报道称，伊核六国外长近日将共同见证伊核问题全面协议“执行日”，请证实。中方是否会派外长参加？ 
　　答：当前，经过各方共同努力，伊朗核问题全面协议“执行日”指日可待。“执行日”一旦到来，将标志着伊核全面协议的执行进入了新阶段。中方对此感到高兴。 
　　至于“执行日”的具体安排，我们与各方保持着密切沟通和协调。 
　　问：今天韩国六方会谈团长黄浚局在机场接受采访时指出，中国是朝鲜最大贸易伙伴，应在朝核试验后发挥更大作用。中方对此有何评论？ 
　　答：实现半岛无核化目标、防止核扩散、维护东北亚地区的和平稳定，是各方的共同利益和责任所在。中国作为安理会常任理事国，一贯切实履行联合国安理会的相关决议和应尽的国际义务。在当前形势下，当务之急是，各方共同努力，推动半岛核问题重返谈判轨道。 


		",http://www.fmprc.gov.cn/web/fyrbt_673021/jzhsl_673025/./t1331721.shtml
2016年1月13日外交部发言人洪磊主持例行记者会,2016-01-13,"
		　　

　　应外交部长王毅邀请，瑞士联邦委员兼外长迪迪埃·布尔克哈尔特将于1月15日对中国进行访问。 
　　问：据报道，日本内阁官房长官菅义伟在12日的记者会上称，将对进入日本领海不符合“无害通过”的外国军舰采取海上警备应对行动。有日本媒体认为，这是日政府制定的应对中国军舰进入钓鱼岛的新方针。中方有何评论？ 
　　答：昨天我已就此表明了立场。中方有权在钓鱼岛领海正常航行和开展巡逻活动。我们奉劝日方不要采取任何挑衅或导致事态升级的行动。否则，一切后果自负。 
　　问：第一，今天，韩国总统朴槿惠呼吁中国采取切实和必要的行动对朝鲜进行制裁。中方是否愿意这样做？第二，由于朝进行核试，韩方考虑在韩部署美国先进的萨德导弹防御系统。中方对此有何评论？ 
　　答：关于第一个问题，维护国际核不扩散体系、反对朝鲜进行核试验，是中方一贯明确的立场。中方在处理半岛核问题时始终立足于实现半岛无核化、防止核扩散、维护东北亚地区和平稳定大局，这也是包括中韩在内的有关各方共同利益和责任所在。 
　　在半岛核问题和半岛局势问题上，中韩双方一直保持着密切沟通和协调。两国外长已就此通电话交换了看法。双方六方会谈团长也保持着沟通。中方愿与包括韩方在内的六方会谈各成员一道，为推进半岛无核化目标、实现本地区长治久安作出共同努力。 
　　第二个问题，中方在反导问题上的立场是一贯的、明确的。一国在谋求其自身安全时，必须考虑别国安全利益以及地区的和平稳定。当前朝鲜半岛形势高度敏感，希望有关国家从维护地区和平稳定大局出发，慎重妥善处理有关问题。 

　　问：菲律宾政府今天称，菲已就中方在永暑礁新建机场进行校验试飞向中方提出抗议。中方对此有何回应？ 
　　答：关于菲律宾方面的反应，我要指出，中国的航空器从海南岛至永暑礁的飞行，完全是中国主权范围内的事情。同时，中国与各国一样，在南海享有飞越自由。中方有关校验试飞活动具有专业性、技术性、民事性和国际公益性。菲律宾方面的指责别有用心，不值一驳。 
　　问：菲律宾国会昨天要求发债券买军舰，以保护菲方在南海的战略资源。此外菲律宾要求美国近期再次进行南海巡航。中方对此有何评论？ 
　　答：我要指出，当前亚洲地区经济发展形势良好，区域合作蓬勃开展。求和平、谋合作、促发展已经成为地区的大潮流。我们奉劝有关国家多做有利于地区和平稳定的事情。 
　　中方一向尊重和维护各国依据国际法在世界各地享有的航行和飞越自由，但坚决反对任何国家以行使航行和飞越自由为由炫耀武力，损害中国的主权和安全利益。　
　　问：美国总统奥巴马今天发表国情咨文称，世界各国人民都把美国看成唯一的世界领袖，不愿中国或俄罗斯发挥这样的作用。中方对此有何评论？ 
　　答：中国和俄罗斯作为世界上的重要国家，在重大的国际、地区和全球性问题上，始终发挥着重要和积极的作用，这是有目共睹的。我们也希望美国能够为促进世界的和平、稳定和发展发挥建设性的作用。 


		",http://www.fmprc.gov.cn/web/fyrbt_673021/jzhsl_673025/./t1331318.shtml
2016年1月12日外交部发言人洪磊主持例行记者会,2016-01-12,"
		
　　问：日本媒体报道称，如果中国军舰进入钓鱼岛附近海域12海里，日方将派遣自卫队舰船要求中方舰船迅速离开。中方对此有何回应？
　　答：中方在钓鱼岛问题上的立场是一贯的、明确的。钓鱼岛及其附属岛屿自古以来就是中国的固有领土。中国维护国家领土主权的决心坚定不移。同时，我们也不希望看到东海局势紧张升级，愿意通过对话磋商妥善管控和解决问题。
　　问：今天，世界银行宣布任命财政部国际财金合作司司长杨少林担任世界银行常务副行长兼首席行政官。中方对此有何回应？未来是否会加大对世行工作的支持力度？
　　答：中方对这一任命表示欢迎。中国自1980年恢复在世界银行的合法席位以来，双方一直保持着良好合作关系。中方支持世行在2030年可持续发展议程中发挥重要作用。多年来，中国与国际社会一道，积极推动世行治理结构如实反映世界经济权重的变化，切实提高发展中国家的发言权和代表性。我们愿与各方一道，切实落实2015年达成的新一轮投票权改革路线图和时间表，进一步增强世行的财务能力，为如期实现2030年可持续发展议程做出应有贡献。
　　问：朝鲜核试验后，有关国家要求对朝实施更加严厉制裁。中方对此有何评论？
　　答：我们认为，处理当前局势应着眼于推进朝鲜半岛无核化的目标，防止核扩散，维护东北亚地区的和平稳定。当务之急是各方应共同努力将朝鲜半岛核问题重新纳入对话谈判的轨道，共同推动朝鲜半岛无核化，维护东北亚地区和平稳定。

　　问：巴阿中美关于阿富汗问题的四方机制首次会议昨天发表联合声明，强调将推动阿政府与塔利班组织代表进行直接对话。中方对四方机制首次会议成果有何评价？
　　答：中方积极评价有关会议成果。在巴阿中美四方协调机制首次会议上，四方一致同意落实去年阿富汗问题伊斯坦布尔进程第五次外长会期间各方达成的共识，致力于推进“阿人主导，阿人所有”的和解进程，强调应尽快重启阿富汗政府与塔利班的直接对话，以实现阿富汗及本地区的长治久安。
　　中方愿在尊重阿富汗主权和各方意愿前提下，与各方一起，为实现这一前景创造条件，提供便利。
　　问：中国万达集团今天宣布收购美国好莱坞电影制作公司“传奇影业”，中方对此有何评论？这是否是为了提升中国软实力和文化影响力？
　　答：这是有关企业的自主行为。我们希望这一决定有利于中美之间的经贸合作和人文交流。
　　问：1月10日，埃及新议会召开了第一次全体会议，选举阿里·阿卜杜勒阿勒·赛义德·艾哈迈德为议长。中方对此有何评论？
　　答：埃及组建新议会，召开第一次会议并选举产生新议长，标志着埃及政治过渡进程顺利完成，中方对此表示欢迎和祝贺。
　　中埃传统友好。中方支持埃方积极探索符合本国国情的发展道路，支持埃及为维护社会稳定、经济发展、民生改善所作的努力。
　　问：据报道，近期，巴基斯坦国内围绕中巴经济走廊建设规划产生一些争议，引发媒体关注。中方对此有何评论？
　　答：建设中巴经济走廊是两国领导人达成的重要共识。中巴经济走廊规划发展将覆盖巴基斯坦全国各地区，造福巴基斯坦全体人民，促进中巴两国以及本地区各国的共同发展和繁荣。中巴经济走廊建设是一项长期、系统工程，需要进行科学的规划，循序渐进地加以推进和落实。我们愿与巴方共同努力，落实好在建项目，做好长远规划，推动走廊建设不断取得新的发展。


		",http://www.fmprc.gov.cn/web/fyrbt_673021/jzhsl_673025/./t1331091.shtml
2016年1月11日外交部发言人洪磊主持例行记者会,2016-01-11,"
		
　　问：据报道，阿富汗问题首次巴阿中美会议今天在伊斯兰堡举行，就重启阿富汗和平进程路线图进行讨论。请介绍中方出席有关会议人员和相关立场。
　　答：1月11日，巴、阿、中、美关于阿富汗问题的四方机制首次会议在伊斯兰堡召开，中国外交部阿富汗事务特使邓锡军率团与会。会议旨在就阿富汗问题沟通情况，交换意见，为推动阿富汗和解进程创造有利条件。中方支持“阿人主导、阿人所有”的阿和解进程，愿继续为此发挥建设性作用，在尊重阿富汗主权和各方意愿的前提下，与各方共同努力，为重启阿国内和谈提供支持和帮助。
　　问：第一，朝方称，朝进行核试验是为了自卫。中方对此有何评论？第二，昨天美军轰炸机进入朝鲜半岛，低空飞行“秀肌肉”。中方对此有何评论？
　　答：关于第一个问题，维护国际核不扩散体系，反对朝鲜核试验，是中国一贯明确的立场。中方愿同各方保持沟通，推动半岛核问题尽快重回谈判轨道，实现半岛无核化，维护东北亚和平稳定。
　　关于第二个问题，维护东北亚和平稳定符合各方共同利益。我们希望有关方面保持克制，慎重行事，避免紧张局势轮番升级。
　　问：在上周记者会上，外交部发言人说外交部副部长张明将对沙特和伊朗进行访问。请介绍他对伊朗访问情况。
　　答：1月8日至10日，外交部张明副部长访问伊朗，会见伊朗外长扎里夫，同伊朗副外长拉希姆普尔进行会谈。
　　张明副部长表示，近年来，中伊高层交往频繁，各领域合作取得积极进展。中方高度重视发展同伊朗关系，愿同伊方一道，不断增进政治互信，充分挖掘合作潜力，在共建“一带一路”框架下积极开展基础设施建设和产能合作。伊方表示，伊方愿与中方保持高层交往势头，共同推进“一带一路”建设，深化两国在经贸、投资、能源、互联互通、科技、人文等领域合作。伊方感谢中方为推动达成伊核全面协议所作出的积极努力。
　　张明副部长还就当前地区形势特别是伊朗与沙特关系与伊方深入交换意见，希望有关各方保持冷静克制，通过对话协商解决分歧，共同维护地区和平稳定。伊方阐述了在有关问题上的立场，对中方在地区事务中发挥的积极作用表示赞赏。

　　问：据报道，越南民航局负责人称，越方已向中方和国际民航组织递交抗议信，指称中国飞机无视国际民航组织规则，在未提供飞行计划或与越南空中交通控制中心进行无线电联络前提下飞越南海越南领空，威胁地区飞行安全。中方对此有何回应？
　　答：我们首先要重申的是，中国对南沙群岛及其附近海域拥有无可争辩的主权。中方对永暑礁新建机场所进行的校验和试飞活动完全是主权范围内的事情。所谓中国试飞活动影响地区安全的指责完全站不住脚。
　　必须指出，越方有关未接到中方通报的说法完全不符合事实。2015年12月28日，中国民用航空飞行校验中心根据有关规定和国际惯例，向胡志明飞行情报区管理当局通报了中方校验机的飞行计划和航线等具体技术信息，但直到现在对方也未作任何反馈。
　　在通过上述业务渠道通报后，中方还于12月30日专门向越外交当局进行了技术性通报并做了解释性说明。然而，令人遗憾的是，越方无视中方有关校验和试飞活动的专业性、技术性、民事性和国际公益性，继续对中方的正常活动进行无端阻挠。
　　为了确保有关校验和试飞活动安全、有效实施，中国政府决定将有关飞行活动转化为国家航空活动，并征用民用飞机完成相关工作。根据国际法，国家航空活动不受《国际民航公约》及国际民航组织有关规定的限制，由主权国家自主负责实施。
　　中方自主、安全、成功完成了永暑礁新建机场校验和试飞。检测结果表明，永暑礁新建机场完全符合民用航空标准，已具备保障民航飞机安全运行能力，可为人员往来、紧急救助等提供便捷的交通方式，有助于提升南海地区海上搜救等公共服务能力。
　　问：朝鲜进行核试验后，韩国政府重启对朝广播战。中方对此有何评论？
　　答：我们关注有关事态发展，当前形势下，各方应该共同努力，避免紧张局势轮番升级，局势轮番升级不符合各方的共同利益。我们希望各方能够谨慎行事，共同维护东北亚地区的和平稳定。
　　问：张明副部长访问沙特和伊朗是否为了缓解近期两国紧张关系？
　　答：刚才，我已介绍了张明副部长访问伊朗时与伊方就当前地区形势特别是伊朗与沙特关系交换意见有关情况。张明副部长在访问沙特时，也与沙方就有关问题交换了意见。张明副部长表示，希望有关各方保持冷静克制，加强对话协商，共同推动局势走向缓和。沙方阐述了沙特在有关问题上的立场，感谢中方在地区事务中发挥的积极作用。
　　张明副部长在访问沙特期间分别会见了沙特王储继承人穆罕默德、外交大臣朱贝尔以及其他沙方官员。


		",http://www.fmprc.gov.cn/web/fyrbt_673021/jzhsl_673025/./t1330833.shtml
2016年1月8日外交部发言人华春莹主持例行记者会,2016-01-08,"
		　　
　　亚洲基础设施投资银行开业仪式系列活动将于1月16日至18日在北京举行。1月16日上午，国家主席习近平将出席亚洲基础设施投资银行开业仪式并致辞。1月16日下午，国务院总理李克强将出席亚洲基础设施投资银行理事会成立大会并致辞。 
　　问：美国国务卿克里称，他昨天在与王毅外长通话时表示，美方尊重中方处理朝核问题的办法，但不能再按惯例行事。请中方介绍中美两国外长通话的具体情况。 
　　答：王毅外长应约与克里国务卿通电话时全面阐述了中方的立场。王毅表示，面对朝鲜核试后出现的新形势，中方愿从维护国际核不扩散体系出发，同各方一道共同加以应对。中方的基本立场是，不管出现什么变化，都要坚持致力于推进半岛无核化的目标，坚持致力于维护半岛的和平稳定。中方敦促朝方信守并回到无核化的承诺上来，停止采取任何恶化局势的行动，同时其他各方也要冷静行事，坚持和平解决大方向，避免采取激化矛盾、导致局势紧张升级的行动。 

　　问：据报道，克里国务卿表示，中国对朝政策和一贯做法已经不管用。你对此有何看法？ 
　　答：中国是朝鲜半岛近邻。无论是着眼于维护东北亚地区和平稳定，还是维护中国自身良好周边环境，中国都坚持推进半岛无核化目标，这符合有关各方共同利益。中方也一直为此做出巨大努力。 
　　半岛核问题的由来和症结不在中国，解决问题的关键也不在中国。尽管如此，从维护国际核不扩散体系和东北亚和平与稳定的大局出发，我们一直主张并致力于在六方会谈框架下通过对话协商，妥善解决有关各方的合理关切，找到实现半岛长治久安的根本之策。 
　　问：第一，到目前为止，朝方有没有向中方领导人解释为什么进行核试？第二，朝鲜希望签署正式结束朝鲜战争的协定。中方对此有何评论？ 
　　答：关于这次朝鲜进行核试验，我们已经清楚表明了立场。 
　　中方在半岛问题上的立场是明确、一贯的，我们主张按照六方会谈9·19共同声明的精神，推动平衡解决各方合理关切，实现本地区的长治久安。 

		",http://www.fmprc.gov.cn/web/fyrbt_673021/jzhsl_673025/./t1330394.shtml
2016年1月7日外交部发言人华春莹主持例行记者会,2016-01-07,"
		
　　问：近来，沙特、巴林、苏丹、吉布提等地区国家与伊朗断交或降低外交关系，导致地区紧张形势有所加剧。中方是否同地区有关各方进行了接触，以缓和地区国家间的紧张关系？
　　答：我们已多次表达了中方对当前中东地区形势的关切。中方希望有关方面保持冷静和克制，通过对话和协商妥善解决分歧。
　　中方始终致力于促进中东和平与稳定。目前，中国外交部副部长张明正在沙特访问并将访问伊朗，他将就地区形势同两方深入交换意见。中方在北京也同有关国家进行了沟通。我们希望地区形势朝着缓和的方向发展。
　　问：据悉，中国外交部昨晚召见了朝鲜驻华大使，请证实。
　　答：昨天中国政府已经通过外交部声明表达了对朝鲜再次进行核试验的立场。中国外交部领导也已向朝鲜驻华使馆负责人进一步阐述了中方的立场。
　　问：朝鲜进行核试验以后，美韩总统就朝鲜半岛局势通电话。韩方表示希望能获得美方的战略性武器。中方是否担忧美韩两国部署战略性武器的做法将进一步加剧朝鲜半岛的紧张局势？有的国家认为中国是解决朝核问题的关键，希望中方说服朝鲜弃核，你对此有何评论？
　　答：我们注意到国际社会对于朝方再次进行核试验作出了强烈反应，我们对当前局势表示关注，对事态发展表示忧虑。
　　正如我昨天介绍的，中方一直为推动实现半岛无核化目标积极努力，我们将继续坚定推进半岛无核化目标，坚持通过六方会谈框架解决半岛核问题。
　　半岛核问题由来已久，错综复杂。中方一贯主张，在六方会谈框架下，通过对话解决各方合理关切，实现半岛无核化和长治久安。探戈需要两人跳，六方会谈需要六方共同努力。半岛实现无核化、东北亚实现和平稳定符合有关各方共同利益，也是有关各方的共同责任，需要各方为此作出共同努力。有关各方都应从地区和平稳定大局出发，尽快回到通过六方会谈解决半岛核问题的正确轨道上来。

　　问：当前，包括美国、日本在内的各方都希望推动对朝鲜进行新一轮的制裁。如果相关议题在安理会提出，中方将会作何反应？是否将支持制裁？
　　答：1月7日，安理会举行紧急会议审议朝鲜核试验问题并发表主席新闻谈话，中方建设性地参与了审议。作为安理会常任理事国，中方将参与安理会下步讨论，同有关各方一道，致力于推进半岛无核化目标，防止核扩散，维护东北亚和平与稳定。
　　问：据报道，印度和巴基斯坦总理5日就印空军基地遭恐怖袭击事件通电话，巴方表示将对可能策划袭击的组织和个人采取迅速和坚决的行动。中方对此有何评论？
　　答：我们注意到有关报道，中方欢迎一切有助于巴印关系改善的举措，支持巴印加强反恐合作。作为巴印共同的邻居和朋友，中方真诚希望双方通过对话与合作，冷静妥善处理有关问题，保持两国关系改善势头，共同致力于地区稳定和发展。
　　问：中方一直主张重启六方会谈，但自2013年朝鲜进行第三次核试验后，朝方表示六方会谈已经结束。你还认为六方会谈有效吗？
　　答：朝核问题出现反复的这几年，恰是六方会谈陷入停滞的几年。当前事态发展恰恰证明了各方共同努力、尽快重启六方会谈的重要性、必要性和紧迫性。事实证明，六方会谈仍然是唯一有效和现实的解决半岛核问题的平台和途径。我们希望各方能够共同努力，继续坚定致力于通过六方会谈解决彼此之间的合理关切，寻求实现半岛无核化和长治久安的根本之策。
　　问：第一，昨天，朝鲜进行了核试验，但朝方事先没有通报中方。在朝鲜四次核试验中，这是第一次么？第二，此次朝鲜核试验将对中朝关系包括高层官方往来有何影响？
　　答：关于第一个问题，这次朝鲜进行核试验，事先没有通报中方。
　　关于第二个问题，中方坚持半岛无核化的立场是一贯和明确的。我们反对朝鲜进行核试验。朝鲜此举不利于中朝关系的正常发展。
　　问：对于中国对朝政策，西方有一些批评声音，比如昨天美国特朗普表示，中国应该做的更多。据我们所知，中朝边境现在仍然处在开放的状态并正常运转，中方仍持续对朝进行粮食和能源方面的援助，且大部分是非公开的。中国政府想要惩罚朝鲜其实很容易做到。如果中国政府真的想惩罚朝鲜，为什么还要与朝鲜保持贸易？
　　答：我不敢苟同你提问里的观点。
　　昨天我已经说过，中方不管是在言语上还是政策上还是行动上，一直在为妥善解决半岛核问题及东北亚和平与稳定做最大程度努力，中方的努力是建设性的，也是有目共睹的。半岛核问题由来已久，错综复杂，需要有关各方在六方会谈框架通过对话协商来解决彼此合理关切，找到解决半岛核问题，实现半岛长治久安的根本之策。我刚才也说了，探戈需要两个人来跳，六方会谈需要有关六方共同来谈。解决朝鲜半岛核问题这么一个复杂的问题，需要有关各方共同做出努力。那些指责中国做的不够的人应该扪心自问，他们做了多少建设性的努力。在当前形势下，各方更应相向而行，真正从维护地区和平稳定大局出发，推动各方尽快回到六方会谈的框架下。中方将会继续履行应有的国际义务，同国际社会共同努力，推进半岛无核化目标。

		",http://www.fmprc.gov.cn/web/fyrbt_673021/jzhsl_673025/./t1330170.shtml
2016年1月6日外交部发言人华春莹主持例行记者会,2016-01-06,"
		　　
　　首先，我宣读一则外交部声明： 
　　今天，朝鲜民主主义人民共和国不顾国际社会普遍反对，再次进行核试验，中国政府对此表示坚决反对。 
　　实现半岛无核化、防止核扩散、维护东北亚和平稳定，是中方的坚定立场。我们强烈敦促朝方信守无核化承诺，停止采取任何恶化局势的行动。 
　　维护半岛及东北亚和平稳定符合各方共同利益。中方将坚定推进半岛无核化目标，坚持通过六方会谈框架解决半岛核问题。 
　　问：第一，朝方核试验之前是否向中方通报？第二，中方是否考虑对朝鲜制裁？ 
　　答：关于第一个问题，这次朝鲜进行核试验，中方事先一无所知。 
　　关于第二个问题，中方将会继续履行应有的国际义务，同国际社会一道为实现朝鲜半岛无核化作出努力。 
　　问：中方是否掌握中朝边境河流地区和空气中放射性的监测资料？如果有，是否会公布？中方采取了哪些措施？ 
　　答：中国政府高度重视保护中国公民的人身安全。中方主管部门正在全面核查了解此次试验对中国产生的影响，并采取一切必要措施保障中国境内公民的人身安全。 
　　据我了解，中国环保部正积极实时监测有关数据，将全面开展边境地区辐射应急监测，加强对辐射环境监测数据的分析研判和信息公开。目前环保部大气辐射自动监测站实时监测数据表明，伽玛辐射剂量率监测结果均在当地本底范围内，从目前看是正常的。 
　　问：中方一直致力于阻止朝鲜进行核试。中方除了对朝再次核试表示反对，将采取哪些具体措施？ 
　　答：在朝核问题上中方有关立场是明确、坚定的。实现半岛无核化、防止核扩散、维护东北亚和平稳定，是中方的坚定立场。维护半岛及东北亚和平稳定符合各方共同利益。中方将坚定推进半岛无核化目标，坚持通过六方会谈框架解决半岛核问题。 
　　问：除了中方所阐述的立场外，是否会有实质行动？ 
　　答：中方不管在言语上、政策上、还是行动上，都一直在为推动实现半岛无核化目标做出积极努力。实现半岛无核化、维护东北亚和平稳定符合各方共同利益，也需要有关各方作出共同努力。目前事态恰恰证明了尽快重启六方会谈、将半岛核问题纳入六方会谈框架下解决的重要性、紧迫性和必要性。中方愿与有关各方共同努力，坚定维护半岛无核化目标，坚持通过六方会谈框架解决半岛核问题。 

　　问：中方能否证实朝鲜试验的是氢弹还是原子弹？ 
　　答：我们注意到朝鲜方面宣布进行这次核试验的声明，中方有关专家正加紧研判。中方的立场非常明确，那就是我们坚决反对朝鲜再次进行核试验。我们敦促朝方信守无核化承诺，停止任何恶化局势的行为。 
　　问：朝鲜核试验后，六方会谈前景如何？ 
　　答：事实证明，六方会谈是唯一现实和有效的解决途径。中方将继续坚定推进实现半岛无核化目标，坚持通过六方会谈框架解决半岛核问题，我们愿为此继续与各方一道作出建设性努力。 
　　问：据报道，禁止化学武器组织4日称，叙利亚所有已经申报的化学武器已被正式销毁。中方对此有何评论？ 
　　答：叙利亚化学武器销毁全部完成，是国际社会以和平手段化解叙利亚化武危机的成功尝试，是叙利亚政府、禁止化学武器组织、联合国和国际社会各方共同努力的结果，中方对此表示欢迎和赞赏。 
　　中方始终支持叙利亚化武销毁工作，亦为此作出了积极贡献。中方愿本着建设性态度，与各方一道，继续推动政治解决叙利亚问题。 
　　问：第一，据了解，印尼正与中方合作阻止宗教极端人员非法前往印尼。原因是什么？有报道称，印尼反恐官员也来华调查此事。该消息是否属实？第二，你对台湾与日本商谈“慰安妇”问题有何评论？ 
　　答：关于第一个问题，中方一贯高度重视保障中国公民合法的出入境权益，切实加强与包括印尼在内的世界各国打击跨国犯罪的执法合作。对违反国际公约和法律的非法移民和偷渡行为，我们将会同地区有关国家予以坚决打击。至于你提到的印尼相关官员来华调查，我暂时不掌握相关情况。 
　　关于第二个问题，中国在有关“慰安妇”问题上的立场非常明确。日方应本着诚实和负责任的态度，妥善解决有关问题。我们对台湾对外交往问题的立场是一贯的。 
　　问：中方是否召见了朝鲜驻华大使提出交涉？ 
　　答：中方当然会向朝方提出严正交涉。 

		",http://www.fmprc.gov.cn/web/fyrbt_673021/jzhsl_673025/./t1329896.shtml
2016年1月5日外交部发言人华春莹主持例行记者会,2016-01-05,"
		
　　问：据报道，日韩就解决“慰安妇”问题达成共识后，日方多次声称，韩方有意移走日本驻韩使馆前的“慰安妇”少女像，韩方也不会同中方联合为“慰安妇”档案申报世界记忆名录。韩方则回应称，政府无法干预民间自发行为，日方不应再做出可能引发误解的言行。中方对此有何评论？
　　答：中方在“慰安妇”等历史问题上的立场是明确、一贯的。强征“慰安妇”是日本军国主义在二战期间犯下的严重反人道罪行，相关档案应成为人类共同的记忆，得到全人类的珍视和保护，以充分发挥它们铭记历史、珍惜和平、共创未来、捍卫人类尊严的积极作用。任何企图通过打小算盘淡化甚至否认历史的言行只会让人们更加质疑日方在有关历史问题上的真实心理和态度。希望日方真正本着诚实和负责任的态度，切实正确认识和深刻反省历史，妥善处理有关问题，取信于亚洲邻国和国际社会。
　　问：第一，请问英国外交大臣哈蒙德访华将谈及哪些问题？第二，关于叙利亚反对派“全国联盟”主席访华，中方是否将结合近期中东局势表明新的立场？
　　答：关于第一个问题，应王毅外长邀请，英国外交大臣哈蒙德于1月5日至6日对中国进行正式访问。去年10月，习近平主席对英国进行了成功国事访问，双方一致同意开启中英关系的“黄金时代”。哈蒙德外交大臣此访是2016年中英之间首起重要双边交往，届时中国领导人将会见哈蒙德外交大臣，王毅外长将同他举行会谈。相信双方将利用此次访问，就进一步推进中英关系及共同关心的国际和地区热点问题深入交换意见。有关情况我们会及时发布消息。
　　关于第二个问题，中方近期多次阐述了在叙利亚问题上的原则立场。中方为了劝和促谈做出了大量积极的努力，前不久王毅外长专程赴纽约出席叙利亚国际支持小组第三次外长会，并出席联合国安理会叙利亚问题部长级会议。近期，中方邀请了叙利亚副总理兼外长穆阿利姆访华。王毅外长还将会见叙利亚反对派组织“全国联盟”主席胡杰一行，继续就推动叙利亚问题政治解决做劝和促谈工作。中方在叙利亚问题上主张“三个坚持”，即坚持叙利亚问题的政治解决方向，坚持叙利亚人民决定叙的前途与未来，坚持由联合国发挥斡旋主渠道作用。当前，解决叙利亚问题的当务之急，是尽快实现停火和谈。我们愿同各方保持沟通，为此创造积极有利的条件，共同努力继续为推动叙利亚问题早日得到政治解决发挥建设性作用。

　　问：你能否介绍叙利亚反对派代表团访华日程？
　　答：应中国外交学会邀请，叙利亚反对派组织“全国联盟”主席胡杰于1月5日至8日访华。王毅外长将会见胡杰一行，有关情况我们会及时发布消息。
　　问：据报道，继沙特宣布与伊朗断交之后，苏丹、巴林相继与伊朗断交，阿联酋降低与伊朗外交关系级别。中方对此有何评论？
　　答：当前，中东地区形势复杂多变，我们对此表示高度关注。我们希望地区国家保持克制与冷静，通过对话和协商，妥善化解分歧，共同促进地区稳定。这符合地区国家的共同利益。我们注意到国际社会很多国家也表达了类似的关切和立场。
　　问：第一，据报道，日前有来自缅甸的炸弹落入中国境内后造成人员受伤。中方一名界务员在开展调查时被地雷炸伤。请证实。第二，麦凯恩等美国政客批评奥巴马政府没有进一步在中国南沙有关岛礁附近进行巡航以维护“航行自由”。你对此有何回应？
　　答：关于第一个问题，据了解，1月3日，1名中方人员在中缅边界中方一侧被地雷炸伤，有关情况正在进一步调查中。中方对此表示严重关切，已向缅方提出严正交涉，要求缅方切实采取有效措施，杜绝类似事件再次发生，避免缅北冲突危及中方人员生命财产安全，维护中缅边境地区和平稳定。
　　关于第二个问题，中方已多次就此表明立场。首先，当前南海地区总体形势是和平稳定的，各国依据国际法所享有的航行和飞越自由从来没有受到过影响。我想请美国那些对此有疑问的人，举出具体例子说明在哪天、哪艘船只、在哪里航行自由受到了威胁。美方应该本着负责任的态度，多说有利于维护地区和平稳定的话。希望美方能够采取客观公允的态度，不要发表任何混淆视听、不利于地区和平稳定的言论。

		",http://www.fmprc.gov.cn/web/fyrbt_673021/jzhsl_673025/./t1329618.shtml
2016年1月4日外交部发言人华春莹主持例行记者会,2016-01-04,"
		
　　问：近日，中方表示将邀请叙利亚有关反对派访华。请问最新进展如何？
　　答：应中国外交学会邀请，叙利亚反对派组织“全国联盟”主席胡杰将于1月5日至8日访华。外交部长王毅将会见胡杰一行，就推动叙利亚问题政治解决做劝和促谈工作。
　　问：第一，近日，伊朗和沙特的关系持续紧张，中方将如何处理同这两个石油输出大国的关系？第二，关于叙利亚问题，你是否认为目前解决叙利亚问题的关键是俄罗斯和伊朗停止在叙利亚的军事行动？
　　答：关于第一个问题，中方高度关注事态发展，对有关事件可能激化地区矛盾感到担忧。我们希望有关各方在反恐问题上加强沟通，形成合力。我们也主张外交人员和机构的安全及尊严应得到保障。希望有关方面保持冷静和克制，通过对话和协商方式妥善解决分歧，共同维护地区和平与稳定。
　　伊朗和沙特都是中东地区有重要影响的国家。中方愿本着和平共处五项原则的精神，与两国发展友好合作关系，共同维护地区及世界和平与稳定。
　　关于第二个问题，近期中方多次阐述了在叙利亚问题上的原则立场。不久前，叙利亚副总理兼外长穆阿利姆访华时，王毅外长就推动叙利亚问题政治解决详细阐述了中方立场。当务之急是落实安理会决议，尽快停火和谈。我们希望有关各方都能为推动叙利亚问题尽快政治解决作出建设性努力。
　　问：据报道，俄罗斯总统普京日前签署新版《2020年前俄罗斯国家安全战略》，强调俄正与中国发展全面战略协作伙伴关系，这是维护地区及世界稳定的关键因素。中方对此有何评论？
　　答：中方注意到普京总统在日前签署的新版《2020年前俄罗斯国家安全战略》中对中俄关系的积极表述，并予以高度评价。习近平主席和普京总统去年5次会晤，达成中俄关系“三个不变”的重要共识，即无论国际和地区形势怎么变，双方坚持巩固和深化中俄全面战略协作伙伴关系的方针不会变，致力于实现两国共同发展振兴的目标不会变，携手捍卫国际公平正义和世界和平稳定的决心不会变，共同引领中俄全面战略协作伙伴关系和各领域合作取得丰硕成果。
　　当前国际和地区形势正在经历复杂深刻变化。中俄作为联合国安理会常任理事国和主要新兴市场国家，将继续共同努力，推动中俄全面战略协作伙伴关系高水平发展，并同国际社会一道，推动构建以合作共赢为核心的新型国际关系，维护好地区及世界的和平稳定。
　　问：越南已经就中国在永暑礁新建机场进行校验试飞表示反对，中方是否有计划在南海设立防空识别区？中国是否正警告其他国家军用或民用飞机和船只不要驶近这些岛礁？
　　答：中国对南沙群岛及其附近海域拥有无可争辩的主权，中国对永暑礁新建机场进行校验试飞活动完全是中国主权范围内的事情。
　　中国一向尊重各国依据国际法所享有的航行和飞越自由。至于中方是否要设立防空识别区，这要根据我们对安全形势的判断和需要来综合考虑。我们认为，目前南海总体局势是稳定的，我们愿继续与有关各方共同努力，维护好南海地区的和平与稳定。我们希望有关国家不要试图用舰机来炫耀武力，而应该以实际行动与中方共同维护南海地区的和平与稳定。

　　问：据了解，中国就叙利亚问题在联合国安理会使用了三次否决权。中方反对外来干涉，但关于伊朗和俄罗斯对叙利亚的军事干预，我们没有听到中国作出任何评论。给人的感觉是，中方反对外来干涉不是一个原则性问题。你对此有何评论？
　　答：我想你在此问题上可能存在误解。中方的立场是反对任何外来干涉。在叙利亚问题上，正如王毅部长在叙利亚国际支持小组第三次外长会期间指出的，中方手中这一票，无论是赞成还是反对，投向的都是和平。我们坚持叙利亚问题的政治解决方向，坚持叙利亚的未来应由叙利亚人民自主决定，坚持由联合国发挥斡旋主渠道作用。中方为劝和促谈所做的一切，都是为了推动叙利亚问题尽快走上政治对话解决的正确轨道，这是唯一的、也是最符合叙利亚人民利益的解决方案。中方有关立场得到了国际社会，特别是叙利亚政府和人民的赞赏和肯定。我们愿同有关各方，无论是叙利亚的邻国，还是安理会的常任理事国一道，继续为政治解决叙利亚问题发挥建设性作用。我们支持在国际法框架下，并在征得叙方同意的情况下，在叙开展相关反恐行动。各方应齐心协力、团结一致，合力打恐，推动叙利亚有关各派停火止暴，尽快坐下来、谈起来、谈下去，尽快谈出一个能为叙利亚各方所接受的和平解决方案。
　　问：第一，据报道，2日，印度旁遮普邦距离印巴边境约30公里的一处空军基地遭到袭击，造成至少7名印度安全人员死亡。中方对此有何评论？第二，印度国家安全顾问多瓦尔原定于明天访华的计划取消了，你能否提供更多信息？
　　答：关于第一个问题，中方对这一袭击事件表示谴责。巴基斯坦和印度都是南亚地区的重要国家，两国关系的改善对本地区和平、稳定和发展至关重要。中方真诚希望印巴双方排除干扰，继续加强对话与合作。
　　关于第二个问题，中印两国都致力于妥善处理边界问题，双方于2003年建立了边界问题特别代表会晤机制。当前，中印边界谈判保持良好势头，两国边境地区保持和平稳定，这为中印关系的健康稳定发展创造了有利条件。两国特别代表每年都会举行会晤，双方工作层就此保持着密切沟通。关于今年两国边界问题特代什么时候举行会晤，如有消息，我们会适时发布。
　　问：你是指尽管发生了上述袭击，印巴双方仍要进行对话吗？
　　答：正如我刚才说的，中方对袭击事件表示谴责。前不久印度和巴基斯坦两国领导人刚刚举行了成功会晤，两国关系出现了改善势头。我们认为这一势头对于地区的和平与稳定是非常有益的，各方也都对此表示了欢迎和支持。我注意到有评论认为在这种时刻出现了这样的一个袭击事件，是有意要破坏印巴关系改善的势头。正是在这样的背景下，我们认为印巴双方应排除干扰，继续致力于对话与合作，保持两国关系改善势头，这对地区和平稳定有利。

		",http://www.fmprc.gov.cn/web/fyrbt_673021/jzhsl_673025/./t1329433.shtml
2015年12月31日外交部发言人陆慷主持例行记者会,2015-12-31,"
		
　　应外交部长王毅邀请，英国外交大臣菲利普·哈蒙德将于2016年1月5日至6日对中国进行正式访问。 
　　问：今天是2015年最后一天。即将过去的2015年中国外交亮点纷呈，成果丰硕。你能否概括今年中国外交的特点和亮点？ 
　　答：2015年中国外交积极有为、务实开拓，较好地完成了党和人民赋予的使命。回顾过去的一年，中国外交坚持为国家和平发展服务这一主线，致力于促进世界和平与发展这两大主题，提出了一系列引人瞩目的思想，推进了一系列广受欢迎的合作，取得了影响长远的重要成果。 
　　习近平主席提出打造人类命运共同体的重大主张，与构建以合作共赢为核心的新型国际关系的主张一脉相承，受到国际社会尤其是发展中国家的普遍肯定和欢迎。中国言出必行，无论是倡导创立亚投行和金砖国家新开发银行，还是积极参与气候变化国际合作及国际热点问题的解决，中国始终秉承合作共赢的理念，创新思维方式，努力破解难题，争取与各方的共同利益和最大公约数，为维护世界和平、发展与安全作出了积极贡献。 
　　习近平主席出席联合国成立70周年系列峰会期间，宣布设立中国—联合国和平与发展基金和南南合作援助基金等一系列重大举措。中国继续为全球金融稳定与改革注入新活力。2015年，中国经济增长贡献全球经济增量的三分之一。人民币被纳入国际货币基金组织特别提款权货币篮子，为提升发展中国家在国际金融领域的代表性和发言权贡献中国力量。我们还与各方一道，为推动气候变化巴黎大会达成全面、均衡、有力度的协议作出了重要和积极的贡献。 
　　中国提出的“一带一路”构想完成规划，启动实施，中国与沿线国家实现发展战略的全面对接。我国同20多个国家签署“一带一路”相关合作协议，与另外几十个国家达成对接合作共识，初步形成覆盖亚、非、拉、欧四大洲的国际产能合作布局，“一带一路”建设取得一批重要早期收获。中韩、中澳自贸协定正式生效，中国—东盟自贸区升级谈判顺利完成，区域全面经济伙伴关系协定谈判取得实质进展。 
　　2016年，中国外交将继续全力为国内建设和全球经济引航，为世界和平担当，为地区发展出力，为国家全面建成小康社会争取更良好的外部环境，为世界和平与发展事业续写新的篇章。 

　　问：微软公司称中国政府攻击了上千个Hotmail电子邮件账户，包括流亡海外的藏人和维族人的账户。你对此有何回应？ 
　　答：我们在这个平台已经多次回答过有关网络攻击的问题。中国政府是网络安全的坚定维护者。我们坚决反对任何形式的网络攻击，并依法查处、打击在中国境内或利用中国网络基础设施发起的网络攻击行为。如果有关方面有确凿的证据，按照现有渠道，完全可以通过建设性方式与中方沟通和开展互利合作。但如果经常散布一些毫无根据的谣言，对解决问题和增进互信、促进网络安全领域的国际合作是没有任何益处的。 
　　问：东盟共同体今天正式成立。中方对此有何评论？对深化中国与东盟关系有何期待？ 
　　答：中方热烈欢迎东盟共同体建成，这是东盟一体化建设的里程碑，也是亚洲建成的首个次区域共同体，标志着东亚合作水平迈上新台阶。 
　　中国是东盟的好伙伴、好邻居、好朋友。双方于2003年建立了战略伙伴关系。双方之间高度的政治互信和卓有成效的务实合作为本地区的和平、稳定和发展做出了重要贡献。我们对东盟未来发展充满信心，我们预祝东盟共同体建设取得更大成就。 
　　2016年是中国—东盟建立对话关系25周年，双方关系发展面临新的重要机遇。中方将继续坚定支持东盟一体化，支持东盟共同体建设，支持东盟在区域合作中的中心地位，愿与东盟国家共同努力，不断提升双方政治互信，深化经贸、人文等领域务实合作，为推动建设更加紧密的中国—东盟命运共同体而共同努力。 
　　问：法国记者郭玉今天将离开中国，中方是否会允许她再次来华？ 
　　答：这完全取决于她自己。

		",http://www.fmprc.gov.cn/web/fyrbt_673021/jzhsl_673025/./t1329014.shtml
2015年12月30日外交部发言人陆慷主持例行记者会,2015-12-30,"
		
　　问：法国记者郭玉称中国外交部自11月底至今与其3次接触，要求其就所作报道公开道歉。你能否证实？郭玉还表示收到匿名的“死亡威胁”。你对此有何评论？ 
　　答：首先，我们和所有在华外国记者保持日常工作接触。关于中方和郭玉接触情况，目前双方达成的约定是选择不对外公布。 
　　其次，关于郭玉是否向中国人民道歉，如果其本人对自己的问题有严肃认识，她应该主动道歉，而不是任何人来要求她道歉。 
　　至于郭玉对媒体声称她受到所谓“死亡威胁”，在我印象中，这已不是她第一次对外有类似说法。按照正常逻辑，任何人如果严肃、认真地认为自己受到死亡威胁，第一反应应该是报警。中国政府有责任保护外国人在华合法权益。但据我所知，中国警方未收到有关报警。如果郭玉确实严肃地认为自己受到威胁，她可以去报警，而非整天向媒体宣扬。这一做法不太寻常。当然，除非她这么做是另有考虑。 
　　问：12月29日，世界卫生组织宣布几内亚的埃博拉疫情结束。中方对此有何评论？ 
　　答：世界卫生组织宣布几内亚埃博拉疫情结束，是西非国家和人民抗疫斗争取得的重大胜利，我们对此表示热烈祝贺。 
　　自埃博拉疫情去年在西非地区暴发以来，中方急非洲人民之所急，率先紧急驰援，最早落实承诺，迄今已向疫区提供多轮紧急援助，派出千余人次传染病专家和医务人员，累计培训当地医护人员上万人次，为最终消灭疫情做出了重要贡献。中方义举诠释了中非风雨同舟、患难与共的兄弟情谊，是真实亲诚的对非工作方针的切实体现。有关非洲国家告诉我们，中方第一时间驰援，对推动国际社会共同帮助非洲疫区人民同疫情作斗争发挥了很好的引领示范作用。可以说，中方的援助举措得到非洲人民和国际社会的高度赞赏。 
　　当前，有关国家正在全面开展“后埃博拉时期”经济社会重建。中方将结合落实中非合作论坛约翰内斯堡峰会有关举措，帮助有关国家尽快发展经济、改善民生，并重点加强公共卫生防控体系和能力建设，防止悲剧重演。 
　　问：菲律宾政府30日表示期待成为亚投行创始成员国。中菲南海争议是否会影响菲获得亚投行创始成员国资格？是否会影响亚投行在涉菲项目上的资金使用？ 
　　答：我也是刚听说有关情况，还要进一步核实。如情况属实，应该是一件好事。 
　　至于你提到中菲之间有关争议是否会影响菲律宾成为亚投行创始成员国，是否会影响菲律宾像其他成员一样在亚投行框架下开展有关合作，这是两个性质不同的问题。亚投行的运作是根据所有成员共同协商达成的亚投行章程行事。 

　　问：据英国《金融时报》报道，美国官员近期多次就中国市场经济地位问题向欧盟表达关切，认为给予中国市场经济地位无异于单方面解除欧洲对中国的贸易防御，可能妨碍阻止中国企业在美欧市场倾销廉价商品的努力。中方对此有何回应？ 
　　答：我们注意到这个报道。坦率地说，我希望这个报道中所说的情况只是个谣传。维护国际贸易体系的严肃性是世界贸易组织所有成员的共同责任，也符合各方共同利益。 
　　这个问题实际上与世界贸易组织成员履行《中国加入世界贸易组织议定书》义务有关。根据中国入世议定书第十五条规定，世界贸易组织成员在对中国出口产品的反倾销调查中使用“替代国”数据的做法应当于2016年12月11日终止。“条约必须遵守”是国际法的基本原则和义务，任何缔约方都不能以国内法为由规避自己在国际条约下的义务，对中国企业采取不公平、不公正、不合理的歧视性做法。作为世界贸易组织成员，中国自入世以来一贯认真履行世界贸易组织各项法律义务，同时也必须享受世界贸易组织赋予的各项权利。 
　　近年来，中国同欧盟经贸合作总体发展良好，前景广阔。我们希望欧盟模范遵守世界贸易组织规则，采取实质性行动，如期履行《中国加入世界贸易组织议定书》第十五条条约义务。这也将有利于中欧经贸关系的发展。 
　　问：据报道，12月29日，朝鲜劳动党中央政治局委员、中央书记金养建因车祸逝世。中方对其有何评价？ 
　　答：金养建同志长期致力于推动中朝关系发展，特别是为中朝两党两国高层交往做出了积极贡献，我们对金养建同志的不幸逝世表示深切哀悼，向金养建同志的亲属表示诚挚的慰问。 

		",http://www.fmprc.gov.cn/web/fyrbt_673021/jzhsl_673025/./t1328761.shtml
2015年12月29日外交部发言人陆慷主持例行记者会,2015-12-29,"
		
　　问：日本、韩国就“慰安妇”问题达成共识，日本首相安倍晋三向受害者表示道歉。中方今后是否将就“慰安妇”问题与日方磋商并推动这一问题最终解决？ 
　　答：日本军国主义发动的侵略战争给中国和亚洲其他受害国人民带来了深重的灾难。我们一贯要求日方正确认识和对待那段侵略历史，汲取历史教训，以实际行动取信于亚洲邻国和国际社会。 
　　关于“慰安妇”问题，昨天我已阐述中方立场。我们再次敦促日方切实正视和反省侵略历史，以负责任的态度处理有关问题。这一立场是一贯的，没有变化。 
　　问：台湾方面表示，将就台湾“慰安妇”问题与日方进行磋商。中国政府是否会向日方提出交涉？ 
　　答：二战期间，日本军国主义在中国各地强征“慰安妇”，犯下了严重的反人道罪行。我们敦促日方切实负起责任，尊重受害者的关切，一定要切实妥善处理好有关问题。 

　　问：美国《纽约时报》近日发表文章称，中国“一带一路”战略正引发地缘政治紧张，一些国家担心会变得过度依赖中国。中方对此有何回应？ 
　　答：“一带一路”倡议提出两年多来，已有60多个沿线国家和国际组织对参与“一带一路”建设表达了积极态度，许多国家与中方在平等互利基础上签署了合作协议或达成对接共识，一批双多边重点项目合作稳步推进。这充分反映出“一带一路”契合沿线国家和地区发展需要，符合有关各方共同利益，顺应了地区和全球合作潮流。 
　　“一带一路”有利于提升亚欧大陆与其他大洲的互联互通水平，有利于内陆国家实现经济、能源和贸易通道的多元化，有利于沿线各国创造需求和就业，推动世界经济的整体复苏。这对世界各国都是有利的。 
　　“一带一路”是开放、包容的区域合作倡议，不是地缘政治的工具，中国没有什么所谓的谋求势力范围的地缘战略意图，也从不做强人所难的事。中方将继续坚持共商、共建、共享原则，深入推进与沿线国家各领域务实合作，实现互利共赢。 
　　问：中方是否认为日方有诚意解决“慰安妇”问题？ 
　　答：“慰安妇”问题牵动着包括中国、韩国在内的亚洲很多受害国人民的感情和尊严。我们也跟你一样，关注日方是否能做到言行如一、表里如一、始终如一。我们拭目以待。 
　　问：据报道，日本首相夫人安倍昭惠28日在其社交媒体个人主页上称其参拜了靖国神社。中方对此有何评论？ 
　　答：中方在靖国神社问题上的立场是明确和一贯的。我们敦促日方切实正视和深刻反省过去那段侵略历史，彻底同军国主义划清界限，为同亚洲邻国增进互信、实现和解作出真心诚意的努力。在正确对待历史问题上，希望日方能切实做到表里如一、言行如一、始终如一。

		",http://www.fmprc.gov.cn/web/fyrbt_673021/jzhsl_673025/./t1328542.shtml
2015年12月28日外交部发言人陆慷主持例行记者会,2015-12-28,"
		
　　问：据日本媒体报道，在今天举行的日韩外长会谈上，双方就“慰安妇”问题达成了最终解决的共识。中方如何看待这一结果？ 
　　答：我们注意到有关报道。强征“慰安妇”是日本军国主义在二战期间对亚洲等受害国人民犯下的严重反人道罪行。中方一贯主张，日方应正视和反省侵略历史，拿出负责任的态度妥善处理有关问题。 
　　问：据报道，阿富汗总统加尼27日会见到访的巴基斯坦陆军参谋长拉希尔。阿总统府称，双方同意下月举行首轮阿、巴、美、中四方对话，推动达成具有广泛性的阿和平路线图。中方对举行四方对话持何立场？ 
　　答：我们注意到了相关报道。作为巴基斯坦和阿富汗共同邻居，中方欢迎阿、巴近期为改善关系所做的积极努力，这有助于重启阿和解进程并实现本地区的稳定。中方支持“阿人主导、阿人所有”的阿富汗和解进程，对任何有助于实现阿富汗国内和平和解的倡议都持开放态度。中方愿意继续为阿和解进程发挥建设性作用，并就此同各方保持沟通与协调。 
　　问：一些菲律宾示威者周末登上南沙群岛中业岛，中方对此有何回应？ 
　　答：中方注意到有关情况和报道，并对菲律宾方面有关言行表示强烈不满。 
　　中国对包括中业岛在内的南沙群岛拥有无可争辩的主权。我们再次敦促菲方从其非法侵占的中国岛礁上撤出一切人员和设施，不再做不利于本地区和平稳定、不利于中菲关系的事。 
　　问：外交部26日发表法国《新观察家》记者郭玉的记者证不再获准延期的声明。你是否还有进一步评论？ 
　　答：周六的表态已经说得很清楚。 
　　法国《新观察家》驻京记者郭玉于11月18日发表报道，公然为恐怖主义行径、为残忍杀害无辜平民行径张目，引发了中国民众的公愤。郭玉本人未能就她为恐怖主义行径张目的错误言论向中国民众作出严肃道歉，已不适合继续留在中国工作。 
　　中国一贯依法保障外国常驻中国新闻机构和外国记者在华采访报道的合法权益，但决不容忍为恐怖主义行径张目的自由。 
　　这一声明发表后，我注意到郭玉本人试图做一些徒劳的辩解，试图回避问题的实质，试图避重就轻，我想说这些都是徒劳的。她认为中方对她采取的有关措施是因为她批评了中国的民族政策，我想大家都清楚，她在中国已经生活工作了15年，在过去15年中，她在不少问题上都对中国采取了批评态度，但她不是一直在中国工作到现在吗？她还试图狡辩，说由于中国压制言论自由，所以不让她作为一个记者在中国继续工作、报道。我也想提醒她，在中国现在有300多家外国新闻机构611名记者，有610名记者的记者证已获得延期。可能她还是应该多考虑一下自己的问题。 

　　问：日本和韩国今天举行外长会谈，据称两国关系可能走向改善。中方对此有何评论？ 
　　答：我们注意到有关情况。我们希望韩日两国关系改善有助于本地区稳定和发展，有助于推动有关国家坚持走和平发展道路。 
　　问：我们注意到有关反恐法草案中有要求外国企业将服务器和用户数据保留在中国的条款，但这一要求未在最终的反恐法案中体现，为什么会这样？是否由于西方国家的批评所致？ 
　　答：全国人大有关负责人已经作出详细解释。我想强调两点： 
　　第一，这一法律确实是根据形势发展和客观需要出台的。 
　　第二，如果你仔细研究一下，有关规定跟你刚才所说的有关西方国家的自身相关法律没有什么不同。我相信在这个问题上应该不会有什么“双重标准”。

 
		",http://www.fmprc.gov.cn/web/fyrbt_673021/jzhsl_673025/./t1328277.shtml
2015年12月25日外交部发言人陆慷主持例行记者会,2015-12-25,"
		
　　问：12月23日，联合国大会通过了2016-2018年联合国会费与维和摊款的分摊比例。中国在未来三年将承担7.921%的联合国会费，成为联合国第三大会费国；同时将承担10.2%的维和摊款，成为第二大维和经费贡献国。你对此有何评论？
　　答：我们注意到联合国大会通过的有关决议。中国作为联合国创始会员国和安理会常任理事国，我们坚决维护以《联合国宪章》宗旨和原则为核心的国际秩序和国际体系，始终支持联合国在国际事务中发挥重要作用，并一贯按照联合国确立的支付能力原则，及时、足额、无条件地缴纳联合国会费及维和行动摊款。
　　未来3年，中国承担的联合国会费和维和摊款将有较大幅度增加，这是中国作为世界第二大经济体，近年来经济总量增长的自然结果。同时，中国作为最大的发展中国家，人均收入水平低。在确定各国会费比额过程中，充分考虑了中国的发展中国家定位，客观评估中国的支付能力，并保留了中国和其他发展中国家享有的低人均收入宽减等待遇，体现联合国一贯坚持的支付能力原则。
　　中国作为负责任的大国和联合国安理会常任理事国，将继续履行会员国应尽的财政义务，及时、足额缴纳联合国会费，并在承担维和行动摊款方面，担负起作为安理会常任理事国的特殊责任，支持联合国为维护世界和平、促进共同发展发挥更大作用。

　　问：据报道，此前在上海因涉嫌间谍活动被中方拘留的日本女性已被证实批捕。还有一位在北京因涉嫌间谍活动被监视居住的日本男性被刑事拘留。请证实。
　　答：据我了解，中国有关方面正在依法对相关案件进行处理。中方已将相关情况向日方进行通报。我没有进一步的细节向你提供。
　　问：昨天，中方接待了叙利亚副总理兼外长访华，受到国际社会关注，请问这次访问在叙利亚问题上主要取得了什么成果？
　　答：应王毅外长邀请，叙利亚副总理兼外长穆阿利姆对中国进行了正式访问。杨洁篪国务委员会见了穆阿利姆副总理兼外长。昨天王毅外长同穆阿利姆副总理兼外长举行了会谈，主要就叙利亚问题解决进程进行了深入探讨。
　　这次访问最重要的成果是，叙利亚方面首次公开表示接受安理会第2254号决议，首次公开表态愿在联合国的主持下，与反对派举行对话。而且叙方还明确表示愿推进停火，愿与国际社会积极配合实施人道救援，期待国际社会尽快就叙利亚经济重建采取具体措施，确保落实安理会有关反恐决议。
　　通过这次访问，中方再次向国际社会阐明了在叙利亚问题上的原则立场，即坚持政治解决方向，坚持叙利亚人民主导叙问题解决进程，坚持联合国发挥主渠道作用。中方愿与各方保持沟通、协调与合作，继续发挥建设性作用，推动叙利亚问题的政治解决早日取得实质性进展。

		",http://www.fmprc.gov.cn/web/fyrbt_673021/jzhsl_673025/./t1328019.shtml
2015年12月24日外交部发言人洪磊主持例行记者会,2015-12-24,"
		
　　问：昨天，中方宣布了尼泊尔副总理兼外长塔帕访华的消息。请介绍此访有关安排。中方对此访有何期待？ 
　　答：此访是今年10月尼泊尔新政府成立以来访华的尼最高级别代表团，双方对此高度重视。访问期间，李源潮副主席将会见塔帕副总理兼外长，王毅外长将与塔帕副总理兼外长举行会谈。 
　　中尼关系传统友好。2015年是中尼建交60周年，也是两国共同经历4·25地震等重大事件考验的一年。在双方共同努力下，中尼友好合作关系得到巩固和发展。此访期间，双方将就明年中尼关系规划、各领域务实合作及其他共同关心的问题交换意见。我们期待通过此访，增进互信，扩大合作，深化友谊，推动中尼世代友好的全面合作伙伴关系继续向前发展。 

　　问：中方正就从美国遣返5名腐败嫌疑人与美方进行磋商。你能否介绍有关情况？ 
　　答：去年12月，中美执法合作联合联络小组（JLG）第12次全会在北京召开，双方共同确定了5起重点职务犯罪追逃追赃案件，开展联合调查。一年来，中美两国反腐败和执法机构加强合作，这5起重点案件都取得了重要进展，王国强、黄玉荣先后归案。我们对美方给予的支持和配合表示赞赏，希望双方继续发挥好中美JLG主渠道作用，以更加务实、灵活的态度推动反腐败合作，共同维护社会公平正义和法律的尊严。 
　　问：据报道，日本内阁通过2016年国防预算，其中一部分将会用于防卫钓鱼岛，中方对此有何回应？ 
　　答：由于历史原因，日本在军事安全领域的政策动向一直受到亚洲邻国和国际社会高度关注。我们希望日方以史为鉴，坚持和平发展道路，为促进本地区的和平稳定发挥建设性的作用。 

		",http://www.fmprc.gov.cn/web/fyrbt_673021/jzhsl_673025/./t1327726.shtml
2015年12月23日外交部发言人洪磊主持例行记者会,2015-12-23,"
		
　　问：昨天，美国国务院对中国《反恐怖主义法》草案表示关切，称该法将影响美对华贸易和投资，也会使中国的言论和宗教自由受到限制。该法案还要求外国企业，特别是科技公司向中方提供关键数据，外国企业是否有理由对此感到担忧？
　　答：恐怖主义已成为影响世界和平与发展的重要因素，是全人类的共同敌人。当前，针对中国的暴力恐怖事件呈多发频发态势，对中国的国家安全和人民生命财产安全构成严重威胁。中国是法治国家。制定《反恐怖主义法》是完善国家法治建设、推进全面依法治国方略的要求，也是依法防范和打击恐怖主义的现实需要，体现了中国作为一个负责任大国的国际责任，是十分必要的。
　　我想指出的是，有效的反恐措施同尊重和保障人权相辅相成。中国政府高度重视处理好反恐与人权保障之间的平衡，会强化执法规范，切实保障公民和组织的合法权益。我们要求美方停止无端指责。
　　随着信息技术发展，网络也越来越多地被恐怖分子用作组织、策划和实施恐怖犯罪活动的主要工具，迫切需要通过强化有关制度措施，防范和打击利用网络空间进行的恐怖犯罪活动。包括美国在内的一些国家出于反恐需要，在相关立法中规定了网络运营商和服务商的协助义务。比如，美国在《通信协助执法法》等相关法律中，明确要求有关企业为执法人员实施合法监听等提供协助，并对加密处理的通信提供解密支持。
　　中国的《反恐怖主义法》草案中，规定了电信业务经营者、互联网服务提供者应当为公安机关、国家安全机关防范、调查恐怖活动提供技术接口和解密等技术支持，是完全合理的。这一规定不会限制企业的合法经营活动，也不存在留“后门”问题，不会侵犯企业知识产权或者公民网络言论自由。希望美方尊重中方正常的立法活动，不要搞“双重标准”。

　　问：昨天你提到，叙利亚外长即将访华是中方推进叙利亚问题政治解决努力的一部分。中方是否就此与美、俄等国进行了沟通？
　　答：王毅外长在纽约出席叙利亚国际支持小组第三次外长会期间，与有关各方进行了密切沟通。这次会议体现了各方推动叙利亚问题政治解决进程的意愿。我们愿与各方共同努力，推动这一进程不断取得进展，使叙利亚局势能够走出当前的困境，叙利亚人民能够早日重新过上好日子。
　　问：有报道称，中国打算长期租用韩国巨济岛，并把它作为中国“珍珠链”海上交通线路向东延伸的重要据点。请证实。
　　答：我们没有听说这样的“打算”，有关报道不值一评。
　　问：中方对津巴布韦宣布将人民币作为流通货币有何评论？
　　答：我们注意到穆加贝总统宣布津巴布韦将正式在市场上流通人民币。我们认为这有助于促进津巴布韦经济社会发展，加强中津在各领域的互利合作。
　　问：日本政府称，昨天在钓鱼岛附近巡航的中方船只首次装备了“武器”，日方对此表示担忧。中方为何要在有关船只上装备武器？是否计划打算派遣更多装备武器的船只前往钓鱼岛附近？
　　答：钓鱼岛及其附属岛屿自古以来就是中国的领土，中方海警船在钓鱼岛附近海域巡航无可非议。中国海警船装备为标准配置，与各国实践并无不同。

		",http://www.fmprc.gov.cn/web/fyrbt_673021/jzhsl_673025/./t1327308.shtml
2015年12月22日外交部发言人洪磊主持例行记者会,2015-12-22,"
		
　　应外交部长王毅邀请，阿拉伯叙利亚共和国副总理兼外长瓦立德·穆阿利姆一行将于12月23日至26日访华。 
　　访华期间，王毅外长将同穆阿利姆副总理兼外长举行会谈。邀请穆阿利姆副总理兼外长访华，是中方积极劝和促谈、推动叙利亚问题政治解决努力的一部分。接下来，中方还将邀请叙利亚有关反对派来华访问。 
　　问：日前，被土耳其击落的俄罗斯苏－24军机黑匣子已找到。俄罗斯邀请包括中方在内的国际专家参与黑匣子分析工作。你能否介绍有关情况？ 
　　答：应俄方邀请，中方专家日前同国际社会有关专家、国际航空事故调查委员会负责人、独联体国家间航空委员会以及俄方专家一起，参加了苏-24M战机黑匣子的开启和分析工作。 
　　我们注意到，俄战机是在应叙利亚政府邀请，执行打击叙境内恐怖主义目标任务时被击落的。在联合国安理会已通过决议授权有能力会员国采取一切必要措施打击“伊斯兰国”等恐怖势力的背景下，俄战机被击落是国际社会共同反恐努力的损失。中方再次呼吁有关各方加强反恐斗争的协调合作，采取切实措施，杜绝类似不幸事件再次发生，共同打击恐怖主义。 
　　问：据报道，欧盟理事会21日发表声明称，鉴于俄罗斯未能全面履行乌克兰问题明斯克协议，欧盟决定对俄制裁延长6个月。中方对此有何评论？ 
　　答：中方一贯反对在国际关系中动辄使用制裁或以制裁相威胁，认为政治对话是解决乌克兰危机的唯一途径。希望有关各方继续切实履行新明斯克协议，推动政治解决乌危机，并致力于改善和发展相互关系。 

　　问：据报道，联合国教科文组织正在重新评估世界记忆遗产申报规定。有评论称，此举一定程度上反映了日本的关切。中方对此有何评论？ 
　　答：联合国教科文组织及其所属机构长期以来一直在讨论对世界记忆名录进行必要的改革，使其更好地发挥保护世界文献遗产和人类共同记忆的积极作用。中方主张，有关改革应充分听取会员国的意见，寻求广泛共识。改革应当体现广大会员国的意愿。如果某些国家试图将世界记忆名录申报规则改革政治化，并借改革之名谋求一己私利，进而达到否认甚至美化侵略历史的目的，国际社会将是坚决反对的。 
　　问：伊拉克总理正在访华。他将与哪些中国领导人会面？双方将讨论哪些议题？ 
　　答：应国务院总理李克强邀请，伊拉克共和国总理海德尔·阿巴迪于12月22日至23日对中国进行正式访问。 
　　阿巴迪总理是去年9月伊拉克新政府成立后首位访华的伊拉克领导人，中伊双方都高度重视此次访问。访问期间，习近平主席、李克强总理和张德江委员长将分别与阿巴迪总理举行会见会谈，双方还将签署一系列合作协议。我们希望通过此访，同伊方进一步提升双边关系水平，加强各领域合作，并就共同关心的国际和地区问题交换意见，共同推动中伊关系不断发展。具体情况我们将及时发布。 
　　问：日本自民党设立的“历史考证”机构今天首次召开会议，考证对象可能会包括南京大屠杀、东京审判等。中方对此有何评论？ 
　　答：我们注意到有关报道。中方在历史问题上的态度是明确的。我们希望日方在历史问题上展现诚意，尊重国际常识和定论，正确地认识和对待侵略历史，恪守迄今在历史问题上作出的表态和承诺，以实际行动取信于亚洲邻国和国际社会。 


		",http://www.fmprc.gov.cn/web/fyrbt_673021/jzhsl_673025/./t1326793.shtml
2015年12月21日外交部发言人洪磊主持例行记者会,2015-12-21,"
		
　　问：18日，美国会参院通过政府开支与税收法案，其中包括国际货币基金组织（IMF）2010年份额和治理结构改革内容。请问中方对此有何评论？
　　答：中方对美国批准有关法案表示欢迎。这标志着国际货币基金组织2010年改革方案在延迟多年后将得以落实。2010年改革方案反映了国际经济格局的变化，将提高新兴市场和发展中国家在基金组织的代表性和发言权，有利于增强基金组织的合法性和有效性。中方愿与各方一道，支持基金组织继续完善份额和治理结构，确保其在国际金融货币体系中发挥积极作用。
　　问：西班牙昨天举行议会选举，中方是否认为选举会影响西班牙及欧盟的稳定？
　　答：我们注意到西班牙议会选举有关情况。中西是友好国家，近年以来两国高层交往密切，经贸合作活跃，人文交流蓬勃发展。我们希望与西班牙保持良好关系，推动两国各领域务实合作发展，加强在国际和地区事务中的协调，进一步推动中西全面战略伙伴关系向前发展。西班牙是欧洲的重要国家，我们愿与西班牙一道，推动中欧关系发展。

　　问：近日，应菲律宾请求建立的南海仲裁案仲裁庭公布了实体问题口头听证的庭审实录，请问中方对此有何评论？
　　答：中方对菲律宾单方面提起的南海仲裁案，一再表明不接受、不参与的立场。这一立场具有充分的国际法依据，不会改变。
　　菲方在庭审中罔顾历史事实、国际法和国际正义，妄图否定中国对南海诸岛的主权，否定《开罗宣言》和《波茨坦公告》的效力，这恰恰说明中菲南海争议的本质就是领土争议，仲裁庭对本案完全没有管辖权，也恰恰说明所谓仲裁案是披着法律外衣的政治挑衅，其目的不是为了解决争议，而是妄图否定中国在南海的主权和海洋权益。
　　中国的领土主权只能由全体中国人民自己做主，任何其他人和机构都无权处置。在领土主权和海洋划界问题上，中国不接受任何诉诸第三方的争端解决办法。中方敦促菲方放弃不切实际的幻想，改弦易辙，回到通过谈判协商解决争议的正确道路上来。
　　问：王毅外长日前表示，中国政府将邀请叙利亚政府和反对派访华并举行会晤。你是否了解有关情况？
　　答：王毅外长在纽约出席叙利亚国际支持小组第三次外长会期间向各方通报，中方将于近期邀请叙利亚政府代表和有关反对派代表访华，继续为促进和谈、推进叙利亚问题的政治解决发挥建设性作用。我们将适时发布有关消息。


		",http://www.fmprc.gov.cn/web/fyrbt_673021/jzhsl_673025/./t1326378.shtml
2015年12月18日外交部发言人洪磊主持例行记者会,2015-12-18,"
		
　　问：中方已经宣布王毅外长将于18日出席在纽约举行的叙利亚国际支持小组外长会和安理会叙利亚问题部长级会议。王毅外长将在会上提出哪些主张？
　　答：中方欢迎并支持举行叙利亚国际支持小组第三次外长会。中方希望此次会议能够在前两次外长会基础上更进一步，有力推进叙利亚政治进程。王毅外长将在会上就推动停火止暴、政治和解、加强反恐、战后重建等问题提出中国的方案和主张。
　　问：12月17日，利比亚各派在摩洛哥签署《利比亚政治协议》，中方对此有何评论？
　　答：中方欢迎利比亚各派签署政治协议，这是利政治对话进程取得的重要进展。希望利各派继续通过对话解决分歧，早日实现全面和解，恢复国家稳定。中方一直积极支持和参与利政治对话，支持国际社会特别是联合国的斡旋努力。中方愿同有关各方一道，继续为促进利比亚及地区的和平稳定作出贡献。
　　问：今天，北京市政府再次发布空气污染红色预警。你对中国环境现状有何评论，对政府相关治理措施有何看法？
　　答：治理环境是中国政府坚定不移的努力目标。我们已经制定了重要政策，采取了系列措施，作出了积极努力。当前，我们在环境治理方面还面临一些挑战。但不管困难有多大，我们会在环境治理这条道路上坚定不移地走下去，因为这符合中国人民的共同愿望。

		",http://www.fmprc.gov.cn/web/fyrbt_673021/jzhsl_673025/./t1325662.shtml
2015年12月17日外交部发言人洪磊主持例行记者会,2015-12-17,"
		
　　问：据报道，16日，美国会在政府财政支出法案中包含了给予新兴经济体在国际货币基金组织（IMF）中更大话语权的内容，法案有望18日在国会获得通过并最终成为法律。中方对此有何评论？
　　答：我们注意到有关报道。2010年，二十国集团领导人就国际货币基金组织（IMF）份额和治理结构改革方案达成共识，距今已有5年时间。国际社会一直期待2010年IMF改革方案得到落实。希望有关国家尽快批准改革方案，这事关IMF有效性和合法性，事关国际经济金融体系稳定。我们并希望国际金融体系改革在此基础上取得进一步进展。
　　问：中方如何看待沙特组建的国际反恐军事联盟?该联盟会不会在反恐方面起到积极作用？
　　答：中方支持沙特等国在打击恐怖主义方面所作努力，希望国际社会加强沟通协调，形成反恐合力，共同维护国际和地区和平稳定。
　　问：据报道，关于美国宣布向台湾出售武器，中国将对两家涉事企业雷神和洛克希德·马丁公司制裁。请介绍具体制裁措施。
　　答：美国企业参与向台湾出售武器是严重损害中国主权和安全利益的行为。中国政府和企业将不会同任何此类企业开展合作和商业往来。

　　问：据报道，16日，阿根廷调整货币政策，将一些人民币资金转换成美元。中方对此有何评论？
　　答：近期，中阿央行正就落实双边本币互换协议进行沟通。人民币是可自由使用货币，阿方选择将一部分人民币资金兑换为美元等其他储备货币，属于阿方自主安排。中方欢迎阿方在汇率等金融领域的市场化改革，愿与阿央行交流沟通，推动金融改革向市场化方向稳步推进。
　　问：今天是朝鲜前领导人金正日逝世四周年纪念日，中方如何反应？
　　答：中方高度评价金正日同志生前为中朝关系发展所做的重要贡献，也高度评价金正日同志生前为推进朝鲜社会主义事业所做贡献。在金正日同志逝世4周年之际，我们谨表达对他的哀思。
　　问：美国宣布向台湾出售武器会给中美关系带来何种影响？
　　答：任何人都不能动摇中国政府和人民捍卫国家主权和领土完整、反对外来干涉的坚定意志。中方敦促美方恪守在中美三个联合公报中作出的明确承诺，撤销此次售台武器计划，停止美台军事联系，多做有利于中美关系大局和两岸关系和平发展的事情。

		",http://www.fmprc.gov.cn/web/fyrbt_673021/jzhsl_673025/./t1325267.shtml
2015年12月16日外交部发言人洪磊主持例行记者会,2015-12-16,"
		
　　问：12月15日，国际原子能机构召开特别理事会，通过新的伊核问题决议，中方对此有何评论？
　　答：中方欢迎国际原子能机构特别理事会15日通过决议，结束审议伊朗核计划可能的军事层面相关问题。这将有利于推动伊核全面协议顺利起步执行。中方赞赏国际原子能机构和伊朗为解决该问题所作的努力。
　　当前，全面协议执行准备工作总体进展顺利，六国与伊方都以实际行动体现了对协议的政治支持。中方愿与其他各方一道，坚持按照全面协议办事，加紧推进各项准备工作，推动协议“执行日”早日到来。
　　会后，有记者问及：
　　问：据报道，叙利亚问题第三次外长会18日将在纽约举行。中方是否将与会？对会议成果有何预期？
　　答：中方欢迎并支持举行叙利亚国际支持小组第三次外长会。中方作为国际支持小组成员将积极与会。中方认为，此次会议的目标应是在前两次外长会基础上取得更加积极、务实的成果，重点就启动叙利亚政府同反对派政治对话和全国停火安排等关键问题进一步凝聚共识，推动叙利亚政治进程往前迈进。中方愿同各方一道，共同推动政治解决叙利亚问题。
　　问：据BBC报道，中国在南海有关岛礁建设对海洋生态环境造成损害，中方对此有何回应？
　　答：有关报道具有严重的偏向性和误导性。南沙群岛是中国领土。中国比任何国家都更关心相关岛礁和海域的生态环境保护。中方岛礁建设工程是经过科学评估和论证的，坚持建设和保护并重，充分考虑了生态环境和渔业保护等问题，在施工过程中严格执行环保标准和要求，并采取了许多有力措施保护生态环境。

		",http://www.fmprc.gov.cn/web/fyrbt_673021/jzhsl_673025/./t1324933.shtml
2015年12月15日外交部发言人洪磊主持例行记者会,2015-12-15,"
		
　　应泰方邀请，国务委员王勇将于12月16日至20日赴泰国出席中泰铁路合作项目启动仪式，并同泰国副总理颂奇共同主持召开中泰经贸联委会第四次会议。
　　王勇国务委员此次赴泰期间，将会见泰国总理巴育，同泰国副总理巴金共同出席中泰铁路合作项目启动仪式，并同泰国副总理颂奇共同主持召开中泰经贸联委会第四次会议。相信此访将进一步促进中泰铁路、经贸等领域务实合作，推动两国全面战略合作伙伴关系取得更大发展。
　　问：美国海军太平洋舰队司令斯威夫特称，南海争端可能导致该地区卷入军备竞赛，因为各国越来越试图动用武力，而非援引国际法平息领土纷争。他敦促中国等国寻求以仲裁方式平息纷争。中方对此有何评论？
　　答：中方坚持同直接当事国通过谈判协商和平解决有关争议的决心坚定不移。中国同东盟国家一直致力于共同维护南海和平稳定，南海局势总体是稳定的。一些国家刻意渲染地区紧张局势，目的是制造混乱，以便插手南海事务，对此中方坚决反对。
　　问：据英国广播公司报道，有一架澳大利亚军机可能在11月底或12月初参与了维护南海航行自由的飞行活动，中方是否知情？如何看待此事？
　　答：中方已多次就此表明严正立场。我要重申，南海航行飞越自由没有问题。我们希望其他国家，特别是一些域外国家谨言慎行，不要横生枝节，给南海平添复杂因素。

　　问：英国广播公司记者11月底跟随民用飞机飞经中国在建的南海四个岛礁附近，飞行范围都在有关岛礁12海里以外，但每次都被中国海军警告离开。根据《联合国海洋法公约》，人造岛礁没有海洋领土权益，如何证明中方的岛礁建设活动没有影响南海航行自由？
　　答：中国对南沙群岛拥有无可争辩的主权。有关国家在南海依据国际法行使航行与飞越自由时应切实尊重中国主权和安全。
　　问：美国国会消息人士称，美方准备在月底前批准向台湾出售导弹护卫舰，中方是否已警告美方不进行此项军售？
　　答：中方坚决反对美方售台武器，这一立场是坚定、明确和一贯的。我要再次重申，美售台武器违反中美三个联合公报特别是“八·一七”公报原则，干涉中国内政，损害两岸关系和平发展和中美关系。中方强烈敦促美方切实认清售台武器的高度敏感性和严重危害性，恪守承诺，停止对台售武，多做有利于中美关系大局和两岸关系和平发展的事。

  
		",http://www.fmprc.gov.cn/web/fyrbt_673021/jzhsl_673025/./t1324481.shtml
2015年12月14日外交部发言人洪磊主持例行记者会,2015-12-14,"
		
　　问：中韩双方将于12月22日在韩国首尔举行中韩海域划界首轮会谈，请证实。
　　答：2014年7月，习近平主席访韩期间，两国发表联合声明，宣布2015年启动海域划界谈判。为落实两国领导人共识，双方商定于今年12月22日在韩国首尔举行中韩海域划界首轮会谈。中韩海域划界政府谈判代表团中方团长、外交部副部长刘振民将率团赴韩，与韩外交部第二次官赵兑烈举行会谈。
　　中韩两国通过谈判协商公平合理解决海域划界问题，对于保障两国间海域的安宁和稳定、巩固和发展两国友好合作关系具有重要意义。这也充分体现出中方所一贯坚持的与直接当事国在尊重历史事实的基础上，根据国际法，通过谈判协商解决有关争议的立场和主张。希望中韩通过友好协商公平合理解决海洋权益主张重叠问题，为地区国家解决类似问题树立良好典范。

　　问：日本首相安倍访问印度期间，日印签署了民用核能协定等多项合作协议，日方还将为印度修建高铁。印方同意日本加入“马拉巴尔”海上联合军演，中方此前曾对此表示关切。双方联合声明还提及南海问题，强调南海航线对地区能源安全及商贸的重要意义，呼吁各方不采取可能导致局势紧张的单边行动，双方还提到了《联合国海洋法公约》。中方如何看待安倍此访？对有关协议有何评论？
　　答：关于日本与印度开展核能合作，中方一贯认为，各国在遵守国际核不扩散义务的前提下，有权和平利用核能并开展相关国际合作。有关合作应有助于维护国际核不扩散体系的权威性和有效性。
　　关于日本与印度开展高铁合作，近年来，亚洲各国都在发展基础设施建设以推动国家发展，这是一个普遍现象。中国和印度之间也有高铁合作，我们愿与印方一道，推进相关领域合作向前发展。
　　关于此访联合声明中涉及南海部分内容，我要指出的是，中方一贯尊重各国依据国际法在南海享有的航行和飞越自由，中方在南海驻守岛礁进行建设完全是中国主权范围内的事情，合情、合理、合法，不针对任何国家，也不影响南海的航行和飞越自由。我们希望域外国家尊重域内国家维护南海和平稳定的努力，而不是相反。
　　关于日方要参加有关军演问题，中方态度非常明确，个别国家不要挑起对立，人为制造地区紧张。
　　问：昨天，中国在南京举行南京大屠杀死难者国家公祭仪式。日本舆论认为，此次仪式有关安排显示中方为日中关系改善预留了余地。中方对此有何评论？这将给日中关系带来什么影响？
　　答：处理中日关系最重要的是要以史为鉴、面向未来。对于历史，任何人都不能否认、不能洗白。只有在这个基础上，中日关系才能健康稳定地向前发展。


		",http://www.fmprc.gov.cn/web/fyrbt_673021/jzhsl_673025/./t1324109.shtml
2015年12月11日外交部发言人华春莹主持例行记者会,2015-12-11,"
		
　　问：据报道，朝鲜和韩国今天在开城工业园区举行首次副部长级政府间会谈，就双方之间存在的各种悬而未决的问题进行全面磋商。中方对此有何评论？ 
　　答：作为友好近邻，中方一向支持朝韩双方开展对话接触，改善相互关系，推进和解合作，共同为维护半岛和平稳定作出积极贡献。希望朝韩政府间会谈顺利举行并取得积极成果。 
　　问：各国即将在气候变化巴黎大会达成协议，中方对此持何立场？是否准备承诺提供与发达国家相近的资金支持以确保达成有关协议？ 
　　答：气候变化巴黎大会召开十多天来，谈判取得了一些进展。巴黎时间12月10日下午，新版“巴黎成果草案”出台，中方对此表示欢迎。但目前案文仍有一些关键问题有待解决，离最终达成全面共识仍有距离。 
　　巴黎大会的成功需要196个缔约方的积极参与，“众人拾柴火焰高”。各方在最后谈判中要进一步加强协调，展现灵活，最大限度地缩小分歧、凝聚共识。发达国家要发挥领导作用，为全球应对气候变化作出更大努力。中国作为发展中国家，始终坚定支持巴黎大会达成有雄心、有力度和全面均衡的协议，一直在为巴黎大会的成功发挥积极和建设性作用。 
　　中国正处在工业化、城镇化、现代化过程中，面临发展经济、消除贫困、改善民生、保护环境、应对气候变化的多重挑战。应对气候变化，中国一直在行动，成就有目共睹。中国正大力推进生态文明建设，推动绿色循环低碳发展。中国是世界节能和利用新能源、可再生能源第一大国。今年6月，中国还向联合国提交“国家自主贡献”，提出将于2030年左右使二氧化碳排放达到峰值并争取尽早实现，2030年单位国内生产总值二氧化碳排放比2005年下降60%－65%。虽然需要付出艰苦努力，但我们有信心和决心实现承诺。 
　　绿色气候基金是《联合国气候变化框架公约》下发达国家履行出资义务、为发展中国家提供支持的重要平台。发达国家应继续利用绿色气候基金平台，提高出资力度。今年9月，中方宣布将拿出200亿元人民币建立“中国气候变化南南合作基金”，支持其他发展中国家应对气候变化，包括增强其使用绿色气候基金资金的能力。中国气候变化南南合作基金将与绿色气候基金等机构协调配合，帮助发展中国家提高应对气候变化的能力。 
　　中方将继续本着积极和建设性的态度与各方一道，按照共同但有区别的责任原则、公平原则、各自能力原则，推动巴黎大会达成全面、均衡、有力度的结果，为全球应对气候变化提供真正公平、合理和有效的解决方案。 

　　问：印度北方军区司令部司令将应邀访华，考虑到中方曾拒绝给予其前任签证，他此访有何意义？ 
　　答：在边界问题最终解决前，双方应该共同努力维护好边境地区的和平与安宁，这是中印双方达成的重要共识。为此，今年5月莫迪总理访华期间，双方同意加强边防合作，开展两军总部和相邻军区年度访问和交流，并写入共同发表的联合声明。 
　　据了解，印度边防代表团将于近期访华，这是落实两国领导人共识的一项重要内容。我们认为这种交流有利于增进两军之间的相互了解和互信，对于双方更好处理涉边事务、更好维护边境地区的和平与安宁具有积极意义。 
　　问：据一些西方媒体报道，欧盟、美国和79个“非洲、加勒比海和太平洋”国家组成了“雄心壮志联盟”，正推动气候变化巴黎大会达成“有雄心的”气候协议，而中国和印度不在其中。你对此有何评论？是否认为中方受到排斥？ 
　　答：关于你所说的这个联盟的性质和参加国数量，有关说法的准确性还需要核实。我想强调的是，中方始终坚定支持巴黎大会达成有雄心、同时也是全面、均衡、务实的协议，也一直在积极、建设性地参与谈判，与各方保持着良好的密切沟通。实际上，在促成巴黎大会达成协议、建立有力的国际应对气候变化机制方面，大家都是雄心勃勃的伙伴，不存在谁被谁排斥的问题。 
　　巴黎协议谈判已经进入最后阶段，希望各方本着务实、合作的精神，专注于凝聚共识、相向而行，促成达成协议。我想，这是国际社会最有意义的雄心。 
　　问：据报道，阿根廷总统马克里昨天正式宣誓就职，中方对此有何评论？ 
　　答：中方对马克里就任阿根廷总统表示祝贺。习近平主席特使、中国全国人大常委会副委员长吉炳轩出席了马克里总统的就职仪式，并同他举行会见，向他转达了习近平主席的热烈祝贺和良好祝愿。 
　　中方愿同阿方共同努力，继续秉承相互尊重、平等互利、合作共赢的原则，加强全方位交往，扩大各领域交流合作，落实好双方重大合作项目，推动中阿全面战略伙伴关系持续深入发展。 

		",http://www.fmprc.gov.cn/web/fyrbt_673021/jzhsl_673025/./t1323561.shtml
